policy,physics_variant,target,unsafe_rate,unsafe_rate_worst_topology,unsafe_rate_seed_min,unsafe_rate_seed_max,false_alarm_rate,false_alarm_rate_worst_topology,false_alarm_rate_seed_min,false_alarm_rate_seed_max,realized_escalation,realized_escalation_worst_topology,realized_escalation_seed_min,realized_escalation_seed_max,conditional_risk,conditional_risk_worst_topology,conditional_risk_seed_min,conditional_risk_seed_max,miss_rate,miss_rate_worst_topology,miss_rate_seed_min,miss_rate_seed_max,topologies,rows,unsafe_model_evaluations,false_alarm_model_evaluations,resolved_model_evaluations
classifier_conf,not_applicable,0.05,0.16308795878492977,0.6110590754257988,0.1607365361704594,0.16544785524795896,0.027200386991314707,0.13053007223409654,0.02688722460406597,0.02739057946731438,0.05094444444444443,0.050944444444444445,0.04806666666666667,0.054566666666666666,0.2512094127799689,0.8791433521648662,0.24884520668000715,0.2535094050626805,0.24524763139941538,0.6764082891544428,0.24078014290050517,0.24964488031135074,44,396,641584,57833,3953055
classifier_conf,not_applicable,0.1,0.1512588793609342,0.5895906918811052,0.14924143427280945,0.1540868624877559,0.01623702953803715,0.08629395474019469,0.01587585477256299,0.01657340738166242,0.10235555555555555,0.10235555555555556,0.09796666666666666,0.10563333333333333,0.23829095664483993,0.867453291663531,0.23628457739684497,0.2410174356009378,0.223146143017924,0.6526422849087781,0.21944963113077157,0.22824123170611396,44,396,594890,38906,3953055
classifier_conf,not_applicable,0.2,0.1306216165616109,0.5414511287108793,0.12961565657734841,0.13193282121215433,0.007228780679776683,0.05452357752369465,0.006840294669509353,0.007541763199560916,0.20031111111111108,0.2003111111111111,0.19656666666666667,0.2033,0.2177128710658483,0.8499758801354685,0.21662162116508213,0.2190975959055856,0.18772380222513074,0.5993545937161532,0.18593965305733356,0.18997247784388838,44,396,513501,19912,3953055
conservative_and,branch_noise_10pct,0.05,0.003117099477432361,0.013311111111111112,0.0030419134401204265,0.00322562086285946,0.037378545137832675,0.17611848608161085,0.03716618298675811,0.03760962445606861,0.0447449494949495,0.05574444444444445,0.043406818181818185,0.04572045454545454,0.011341684596447828,0.06184725711814197,0.011106291419990805,0.011666078027128686,0.0052805028253963306,0.020700103228403932,0.005138371625813986,0.005488189231341703,44,396,12312,73712,3953055
conservative_and,branch_noise_10pct,0.1,0.0010636350528838866,0.0074444444444444445,0.00100254103336186,0.0011135332720646023,0.028366362918222518,0.15094671144017932,0.027930883334351703,0.02868780633256816,0.08646363636363637,0.10906666666666667,0.08446666666666666,0.08889090909090909,0.004486640387511441,0.034983496676698825,0.0042458483368132,0.004672431562623342,0.00156277703690366,0.0094516493529475,0.0014658994474994562,0.0016446288292339727,44,396,4201,56231,3953055
conservative_and,branch_noise_10pct,0.2,0.0001767012284332924,0.0016555555555555555,0.00017064062237268638,0.00018200425873632272,0.015317257597759348,0.10635784904344486,0.014932541043327564,0.01566958536588137,0.1681237373737374,0.21706666666666666,0.16561287878787878,0.1711348484848485,0.0008006673094546547,0.006991764159666867,0.0007747721637705552,0.0008245566349957431,0.0002305893303539596,0.0021722745124325336,0.0002224321553770182,0.00023757981572254997,44,396,699,29943,3953055
conservative_and,current,0.05,0.002668584835250812,0.008366666666666668,0.0025762470843863437,0.002795620578588988,0.03748855292594009,0.17713093528618096,0.03725622351787117,0.037773787126384566,0.04470580808080809,0.05581111111111111,0.04336363636363637,0.04568939393939394,0.009981933782533202,0.060672228785227315,0.009691939116228074,0.01038031627424314,0.004375902317895596,0.011041618324507644,0.004210092649569345,0.004604387753715595,44,396,10532,74532,3953055
conservative_and,current,0.1,0.0006041620192000919,0.0041,0.0005673177982517977,0.0006358737058393167,0.028245613817847483,0.15256408462092916,0.02787672115049747,0.028529906710494293,0.08657777777777777,0.10824444444444443,0.08461590909090909,0.08902575757575758,0.002971121575007894,0.026471281764183324,0.0028088493999791683,0.003107250158755911,0.0008058261534285148,0.005502543832543411,0.0007521467651572871,0.0008518953402040954,44,396,2377,56244,3953055
conservative_and,current,0.2,0.00010115771312794922,0.0011555555555555555,9.583467920573562e-05,0.0001049855991541947,0.01541230426239069,0.10724287724903432,0.015041229862522215,0.01576462591826743,0.16850833333333334,0.21534444444444445,0.16594772727272727,0.17156363636363636,0.0004661219215051096,0.004552349250923878,0.00044050082506480226,0.00048667654885376974,0.00013235681912549799,0.0015504917619996556,0.00012546778036257803,0.0001372618781137076,44,396,399,30389,3953055
conservative_and,impedance_0.8,0.05,0.05958504069313138,0.12980000000000003,0.059387206460714416,0.05983948598850802,0.040749105256257245,0.18275779902038702,0.04069188457040539,0.04082974298681745,0.047085858585858585,0.05764444444444445,0.045654545454545455,0.04810681818181818,0.1389114246944192,0.393610163703878,0.1385383631668816,0.13940248894710408,0.10684162920087416,0.2423368327687088,0.10648722833183706,0.10727937967654803,44,396,235601,83255,3953055
conservative_and,impedance_0.8,0.1,0.05190535335551621,0.1114111111111111,0.05147348930279326,0.05225701950352307,0.03752506267090902,0.16209111918368205,0.03740585427502934,0.03758467886890108,0.0908780303030303,0.1093888888888889,0.08888863636363636,0.09334166666666666,0.12387518275833052,0.35419884819010217,0.12303617523204359,0.12454863572401123,0.09357056809436838,0.21513542311760686,0.09282517974568587,0.0941907124662314,44,396,205237,79412,3953055
conservative_and,impedance_0.8,0.2,0.036105547449399485,0.07528888888888889,0.03554556085723867,0.03658806657265851,0.03129370274008174,0.12640299812387779,0.031053575866838597,0.03153113625748522,0.17737121212121212,0.21292222222222223,0.17476742424242422,0.18052121212121214,0.09060427164249833,0.258123264543009,0.08936308239425074,0.09167274230423635,0.06581755410300504,0.1446296576959504,0.06482058403651414,0.06666884184058681,44,396,142773,71213,3953055
conservative_and,impedance_0.9,0.05,0.030621989945923304,0.06255555555555554,0.030443900064772992,0.030872676611045282,0.03948381735420656,0.1731194339680152,0.03941830873135861,0.03955369974965336,0.0458560606060606,0.05458888888888889,0.0444719696969697,0.04685757575757576,0.07866763950815045,0.23361515703350688,0.07826304873760133,0.07924349749496806,0.05708751399670604,0.12648782701528186,0.05675064621843144,0.05755404314746506,44,396,121094,81568,3953055
conservative_and,impedance_0.9,0.1,0.023056276248924243,0.0455,0.02261921973024708,0.02341530717893077,0.03528825144845677,0.15095069407180986,0.035137487353137306,0.0354036024157411,0.08899772727272727,0.10596666666666667,0.08695757575757576,0.09149848484848484,0.061207502822719494,0.192657908894358,0.06017719009292525,0.06205379524162956,0.042962148786335176,0.09357736755786931,0.04213999382862883,0.04364007632468779,44,396,91167,75955,3953055
conservative_and,impedance_0.9,0.2,0.01009552969496786,0.01976666666666667,0.00970355031934507,0.010426843683923053,0.026017953900048598,0.10998097288327754,0.025698983736820884,0.02636107712388147,0.17362348484848483,0.2069,0.17106439393939393,0.1767469696969697,0.028733726713980726,0.09589834370284471,0.02773420280392171,0.029574868145639602,0.018711203689872277,0.041377331923461096,0.017963556651751027,0.01934654401599862,44,396,39915,59295,3953055
conservative_and,impedance_0.95,0.05,0.016143907361093363,0.031844444444444446,0.015983826181765488,0.01637751408094047,0.03900099608782273,0.17384831954953808,0.038903758376814014,0.03908992180604563,0.04530151515151515,0.05433333333333333,0.043949242424242425,0.04630833333333333,0.04452298599034543,0.14359624520491066,0.044115528373245776,0.04510830159039439,0.030304068320275677,0.0674647908648118,0.030000875944921315,0.030751384769013707,44,396,63837,80208,3953055
conservative_and,impedance_0.95,0.1,0.009161271476225809,0.017888888888888888,0.008802096995438262,0.009446664546473955,0.03311103695010078,0.14906013544892527,0.0328538772846923,0.03329198036439007,0.08769848484848486,0.10746666666666667,0.0857,0.09016969696969697,0.02683823773682823,0.10038645176825763,0.025902505514938785,0.02758007751290528,0.01690598511230481,0.03637440306901277,0.016223100660115713,0.01744687998224336,44,396,36215,70582,3953055
conservative_and,impedance_0.95,0.2,0.0013407893534666518,0.0047777777777777775,0.0011982408869175985,0.001467114863010721,0.02104596781249083,0.108465356317118,0.020676728773753233,0.021414108376152423,0.1711247474747475,0.21036666666666667,0.1685651515151515,0.1741848484848485,0.005017647085338635,0.030077974711777502,0.004553981063702037,0.005427622332716323,0.002175542166573006,0.006410156886089389,0.001920685406487722,0.0024022217266547272,44,396,5291,46035,3953055
conservative_and,impedance_1.05,0.05,0.00026609255717623104,0.002522222222222222,0.00026150306582874925,0.000271417605880275,0.034383190360547634,0.18045891086322827,0.0339132921790396,0.03498624112196285,0.044182575757575754,0.0555,0.042810606060606056,0.04518030303030303,0.0013557455643992617,0.012063359221542135,0.0013305342477776742,0.0013810203510996183,0.00034671364173270155,0.003384663850159833,0.00034070199485504774,0.00035388314796912045,44,396,1047,62436,3953055
conservative_and,impedance_1.05,0.1,0.00013380222548459167,0.0015,0.00012992764268468258,0.00013769745709348938,0.023670448346067897,0.15804743684679284,0.02327609059302329,0.023972751466515643,0.08529595959595959,0.1109,0.08337424242424242,0.08765984848484848,0.0006289454110941187,0.005999917873938167,0.0006042039676265901,0.000656748270777397,0.000175117089413776,0.0020125430091070444,0.00017012218954652348,0.00017999777011465983,44,396,528,41573,3953055
conservative_and,impedance_1.05,0.2,2.7843832980818684e-05,0.00035555555555555557,2.4308479445465153e-05,3.0369085506071214e-05,0.01185398236543243,0.11034980045861138,0.011511828648278469,0.01219990845622731,0.1659686868686869,0.21864444444444445,0.16347651515151515,0.16891969696969697,0.00012098000799838105,0.0013146582581881,0.00010635760036945607,0.00013139749444686513,3.687499625594545e-05,0.0004889390425035666,3.217017047474469e-05,4.0237888383001516e-05,44,396,110,19354,3953055
conservative_and,impedance_1.1,0.05,0.00010821651531300252,0.0011111111111111111,0.00010644883854532575,0.00011023671733320455,0.07093499346143713,0.22726697427840822,0.0701673613989219,0.07193316335547309,0.04348055555555556,0.05929999999999999,0.042184848484848485,0.04443409090909091,0.0005463439826220185,0.004734250483859511,0.0005376947508971008,0.0005558474544398295,0.0001416149337733778,0.0014887739458320443,0.0001392918342437235,0.00014431118039305682,44,396,427,124489,3953055
conservative_and,impedance_1.1,0.1,5.1965842376801e-05,0.0005888888888888888,5.019816560912424e-05,5.398604439700303e-05,0.04185689376788963,0.18448501516403928,0.04048576313853509,0.04292974213651263,0.08386616161616162,0.11448888888888889,0.08194545454545454,0.0862340909090909,0.00024967952611902475,0.002829739021367,0.00024108654949016894,0.00025952240292314243,6.827789935172399e-05,0.0007554155651957889,6.597697246942727e-05,7.090110935562349e-05,44,396,205,68990,3953055
conservative_and,impedance_1.1,0.2,1.2692317829303537e-05,0.0002111111111111111,1.1429691566677273e-05,1.4459994596980302e-05,0.010594982596778765,0.10682843323336898,0.010188233773601986,0.011036657612804049,0.16314823232323236,0.2213,0.16073939393939396,0.1660340909090909,5.7934055601289135e-05,0.0007928802895818222,5.27170706903856e-05,6.523543536361743e-05,1.6777277589727526e-05,0.00028920517698435556,1.509800537064697e-05,1.913081306320909e-05,44,396,50,13989,3953055
conservative_and,impedance_1.2,0.05,3.243332432830101e-05,0.00039999999999999996,3.1884237021222726e-05,3.2707867981840154e-05,0.1537047029354868,0.3364043451007977,0.15298097245663406,0.15471036979399108,0.04171414141414142,0.059111111111111114,0.040391666666666666,0.042643939393939394,0.0001787509856369227,0.0018724799552004333,0.00016987003409641593,0.00018333552350221515,4.284777999865732e-05,0.0005491234388688,4.224031006234469e-05,4.315151496681363e-05,44,396,128,271149,3953055
conservative_and,impedance_1.2,0.1,1.6985247122232827e-05,0.00022222222222222223,1.597514611213182e-05,1.749029762728333e-05,0.12380431392505219,0.2839677704418556,0.12219241367739195,0.1250542618481804,0.08047121212121212,0.11422222222222222,0.07866287878787878,0.08271515151515152,8.820770484193788e-05,0.0010198104729935,8.402539376927349e-05,9.034367980675681e-05,2.2568947757426265e-05,0.0002981812684793667,2.111904474109394e-05,2.3293899265592423e-05,44,396,67,214553,3953055
conservative_and,impedance_1.2,0.2,3.0303030303030305e-06,6.666666666666667e-05,3.0303030303030305e-06,3.0303030303030305e-06,0.07218495657586979,0.19383268010395033,0.07050342283777307,0.07365844367600942,0.15626767676767675,0.22397777777777778,0.15396666666666667,0.15903560606060604,1.4645477588564141e-05,0.00034228470809374444,1.4615101738331818e-05,1.4674500521108332e-05,3.944089430385606e-06,8.844078889183333e-05,3.944089430385606e-06,3.944089430385606e-06,44,396,12,119389,3953055
conservative_and,stale,0.05,0.16699808698868493,0.6070158275021362,0.1666968737634806,0.16744306504579104,0.03490235258901671,0.20343059333848315,0.034781646630922404,0.035054169623434085,0.0542111111111111,0.05421111111111111,0.052533333333333335,0.055433333333333334,0.2579997721056187,0.8874631248097813,0.25772791886782653,0.2583997403559864,0.2541748988900789,0.6719293040517028,0.2536344857561006,0.25497182006095287,44,396,657096,62888,3953055
conservative_and,stale,0.1,0.1543693038312329,0.5769938130186919,0.15365983115063322,0.15504562411615322,0.026949894395699427,0.18110144711868995,0.02641353454477261,0.027384120345577856,0.10387777777777779,0.10387777777777779,0.1013,0.10696666666666667,0.24591201806795446,0.8794114987960472,0.2451986311074925,0.24659080472412984,0.23187124368676432,0.6387022510124799,0.23061514597486393,0.23307037808976203,44,396,607295,46234,3953055
conservative_and,stale,0.2,0.12823639002828605,0.5126789390223636,0.1272631250685794,0.12908853018420924,0.015321109245752378,0.13880232562499117,0.014932057423949752,0.01566950816312096,0.2044555555555555,0.20445555555555556,0.2013,0.2081333333333333,0.22014364306057474,0.8603591091765862,0.21914889697931045,0.22101850340053564,0.1874224723495553,0.5675040511218805,0.18582163640137897,0.18882370809489019,44,396,504255,23284,3953055
error_ratio,not_applicable,0.05,0.1612184803346211,0.6008575791677734,0.1605756342198161,0.16194598205996186,0.032751280991941294,0.18097668120746302,0.032085940061242435,0.03350992726070814,0.05324444444444447,0.05324444444444445,0.05006666666666667,0.05573333333333333,0.25144422556789875,0.8836294187712487,0.25092058750220775,0.2521866391200018,0.2433942170686846,0.6651180736398616,0.24225886788881795,0.24472324052854505,44,396,634252,63661,3953055
error_ratio,not_applicable,0.1,0.1485048598105361,0.5729249427746999,0.14743092836178168,0.14961357003788694,0.024766929466353935,0.15414058940107334,0.024165468324483845,0.02545609475385808,0.10121111111111109,0.10121111111111111,0.09736666666666666,0.10356666666666667,0.23882567590548395,0.8751644437121855,0.237855178093442,0.23995956635070703,0.22077368604201936,0.6341947139211225,0.2189497936802898,0.2227855370269682,44,396,584100,47576,3953055
error_ratio,not_applicable,0.2,0.12476922552409007,0.5125348119488522,0.12375478284703875,0.12590355871538575,0.012516626714819745,0.10047332824068428,0.010530771578072364,0.013555713124081022,0.2034444444444445,0.20344444444444443,0.19723333333333334,0.2123,0.21529757572712624,0.8549966511027133,0.21402533584756572,0.21660837689638646,0.18120180741913863,0.5673425380553059,0.17946160595392785,0.18312075336805417,44,396,490526,23830,3953055
nn_approval_signed_physics,branch_noise_10pct,0.05,0.0014330741617189877,0.009033333333333332,0.0013114992900094304,0.001518200023038697,0.044887092987867576,0.21214122543261477,0.044642320999857425,0.04501205050261633,0.20919722222222215,0.5888888888888889,0.20775000000000002,0.21102727272727273,0.006043466860097613,0.043744649479739134,0.005588397482427386,0.006368523826908015,0.002179540059311306,0.011466965339113634,0.0019761394837224497,0.002321273055910118,44,396,5658,87944,3953055
nn_approval_signed_physics,branch_noise_10pct,0.1,0.0003254457958228899,0.0026555555555555555,0.0003082740786511727,0.0003340316544087485,0.044887092987867576,0.21214122543261477,0.044642320999857425,0.04501205050261633,0.2433883838383838,0.5960888888888889,0.2423909090909091,0.24505833333333335,0.001572998616969809,0.015069234106932379,0.0014935819104593053,0.0016132525212205803,0.0004248932493258421,0.0033711411882453002,0.0004023485117243568,0.0004361656181265848,44,396,1286,87944,3953055
nn_approval_signed_physics,branch_noise_10pct,0.2,2.196969696969697e-05,0.00043333333333333337,2.121212121212121e-05,2.272727272727273e-05,0.044887092987867576,0.21214122543261477,0.044642320999857425,0.04501205050261633,0.31596843434343436,0.6081888888888889,0.31503030303030305,0.31688333333333335,9.758366393119319e-05,0.0018509618072236333,9.437690798510455e-05,0.00010103195341440984,2.8826652828111615e-05,0.0005712927575042333,2.7817152825926517e-05,2.9814797263593936e-05,44,396,87,87944,3953055
nn_approval_signed_physics,current,0.05,0.0009023382266538323,0.0048222222222222225,0.0007791941973108569,0.000985249396382741,0.044887092987867576,0.21214122543261477,0.044642320999857425,0.04501205050261633,0.20859621212121215,0.5882444444444445,0.2071469696969697,0.21043030303030305,0.004259992829151484,0.038681819322004894,0.0037963131083812137,0.004582024346403516,0.0012828670351685172,0.006469213069616077,0.001083740468924034,0.0014159522860524212,44,396,3552,87944,3953055
nn_approval_signed_physics,current,0.1,0.00018893767182375984,0.0017333333333333333,0.00018333807946617652,0.00019249504376012727,0.044887092987867576,0.21214122543261477,0.044642320999857425,0.04501205050261633,0.24288484848484845,0.5954555555555555,0.2418621212121212,0.24459999999999998,0.000939470260166354,0.007348398518907378,0.0009078227973034901,0.0009597106679663924,0.00024541901091132407,0.002327357616470367,0.0002383090508816121,0.00024991900602889015,44,396,745,87944,3953055
nn_approval_signed_physics,current,0.2,1.1429691566677272e-05,0.00013333333333333334,1.1429691566677273e-05,1.1429691566677273e-05,0.044887092987867576,0.21214122543261477,0.044642320999857425,0.04501205050261633,0.31560353535353536,0.6075555555555555,0.3146568181818182,0.3165022727272727,5.707092070021591e-05,0.0005352239650115889,5.7044923445118934e-05,5.708771785746288e-05,1.4927525395098485e-05,0.000179206127155,1.4927525395098485e-05,1.4927525395098485e-05,44,396,45,87944,3953055
nn_approval_signed_physics,impedance_0.8,0.05,0.05405555826637394,0.11664444444444445,0.053438219657867415,0.05447982489664526,0.044887092987867576,0.21214122543261477,0.044642320999857425,0.04501205050261633,0.14483939393939396,0.547911111111111,0.1435121212121212,0.1465030303030303,0.12931653522639147,0.37574880199573607,0.1281692547696447,0.1301378463386329,0.0973080061624839,0.22348501151950995,0.09624086645452655,0.09803498894814133,44,396,213742,87944,3953055
nn_approval_signed_physics,impedance_0.8,0.1,0.04269455143105269,0.08988888888888888,0.04209811360439418,0.04299917973289256,0.044887092987867576,0.21214122543261477,0.044642320999857425,0.04501205050261633,0.17567121212121217,0.5596222222222222,0.17475151515151516,0.17721060606060607,0.10671943239861853,0.3189438072676686,0.10547974779240188,0.10737662479395972,0.07745814331684242,0.17321516378078539,0.07641403828730618,0.07798538878994801,44,396,168823,87944,3953055
nn_approval_signed_physics,impedance_0.8,0.2,0.021336858359442126,0.04362222222222222,0.021151210064363612,0.021563077846150996,0.044887092987867576,0.21214122543261477,0.044642320999857425,0.04501205050261633,0.24372651515151508,0.5817222222222223,0.2428287878787879,0.24459469696969693,0.05848612547291287,0.1924450805842684,0.05800635730947975,0.05905390088218854,0.039247547349935824,0.08429600084917736,0.038910152645656476,0.03965297527245568,44,396,84368,87944,3953055
nn_approval_signed_physics,impedance_0.9,0.05,0.025191295749990718,0.05018888888888889,0.024595169403769185,0.025601988979119528,0.044887092987867576,0.21214122543261477,0.044642320999857425,0.04501205050261633,0.17484393939393938,0.5709444444444445,0.17347272727272725,0.17655454545454544,0.06716581187966054,0.2171714231786181,0.06579930910069261,0.06813027976685083,0.046966990467747396,0.10212731999895877,0.04585336071271836,0.047727910828502224,44,396,99611,87944,3953055
nn_approval_signed_physics,impedance_0.9,0.1,0.015086570010876101,0.029611111111111112,0.014644407546451438,0.015318227298265714,0.044887092987867576,0.21214122543261477,0.044642320999857425,0.04501205050261633,0.20728535353535352,0.5806444444444444,0.20629318181818182,0.20895757575757576,0.04264965276115675,0.1480521925106644,0.04152259777844882,0.04324409495156285,0.028075964462501723,0.06255562587973465,0.027245283504911243,0.02851337574453904,44,396,59651,87944,3953055
nn_approval_signed_physics,impedance_0.9,0.2,0.0020199925256445734,0.004966666666666666,0.0019607382428325484,0.0020921689483414017,0.044887092987867576,0.21214122543261477,0.044642320999857425,0.04501205050261633,0.279149494949495,0.5976555555555555,0.278219696969697,0.28004772727272725,0.006884536746917031,0.03502067614932916,0.006691270249582867,0.007117156997535634,0.003552881540505183,0.007624128901235489,0.0034440756635796825,0.0036859314991820606,44,396,7980,87944,3953055
nn_approval_signed_physics,impedance_0.95,0.05,0.010920619021226709,0.021544444444444442,0.010392524040418427,0.0112847015342111,0.044887092987867576,0.21214122543261477,0.044642320999857425,0.04501205050261633,0.1910181818181818,0.5809111111111112,0.18956969696969697,0.1928462121212121,0.03192521048337744,0.12091855096421027,0.030565595980323053,0.0328601162308713,0.02027145158410226,0.044637694901331786,0.01926759257889721,0.020965060434966286,44,396,43173,87944,3953055
nn_approval_signed_physics,impedance_0.95,0.1,0.00359085712107309,0.00871111111111111,0.003346438944878613,0.003719854385559735,0.044887092987867576,0.21214122543261477,0.044642320999857425,0.04501205050261633,0.22486641414141414,0.5889555555555556,0.223880303030303,0.22652651515151515,0.012049212613285063,0.058411999300957924,0.011322541275309215,0.012428824832811502,0.0063312360527475854,0.012849238198280023,0.005877429432692132,0.006571459384177263,44,396,14187,87944,3953055
nn_approval_signed_physics,impedance_0.95,0.2,8.080318576932122e-05,0.0007777777777777778,7.92880342541697e-05,8.383348879962424e-05,0.044887092987867576,0.21214122543261477,0.044642320999857425,0.04501205050261633,0.2974012626262626,0.6032555555555555,0.29647348484848485,0.29829545454545453,0.00041366926006436314,0.0037381847086093664,0.00040592029087937955,0.0004290544043079341,0.00010482673835702071,0.0010434172316349999,0.00010289228382791515,0.00010869564741523182,44,396,318,87944,3953055
nn_approval_signed_physics,impedance_1.05,0.05,0.00015537177725087728,0.0016777777777777778,0.00014855359543269547,0.00016067480755390756,0.044887092987867576,0.21214122543261477,0.044642320999857425,0.04501205050261633,0.2265457070707071,0.5951333333333334,0.22506136363636361,0.22841212121212123,0.0007769633519192624,0.0067206085599475,0.0007474382220682416,0.0007994143901564069,0.00020248439697610608,0.0022520749420827666,0.00019345266149414016,0.00020958356342964016,44,396,612,87944,3953055
nn_approval_signed_physics,impedance_1.05,0.1,5.669776697173914e-05,0.0006555555555555555,5.467756495153712e-05,5.770786798184015e-05,0.044887092987867576,0.21214122543261477,0.044642320999857425,0.04501205050261633,0.2609262626262626,0.6006888888888889,0.25992727272727273,0.2626060606060606,0.0002585846724172444,0.003098701975194722,0.0002501802577354,0.00026286666728107425,7.472216161735e-05,0.0008409333776457001,7.203908915560454e-05,7.606369784822272e-05,44,396,224,87944,3953055
nn_approval_signed_physics,impedance_1.05,0.2,1.5151515151515152e-06,3.3333333333333335e-05,1.5151515151515152e-06,1.5151515151515152e-06,0.044887092987867576,0.21214122543261477,0.044642320999857425,0.04501205050261633,0.33320101010101005,0.6117222222222222,0.33227575757575756,0.33409545454545453,6.814619498969192e-06,0.00016025643495074445,6.8128687257484844e-06,6.816370833425e-06,1.9722915969257576e-06,4.42203944459e-05,1.9722915969257576e-06,1.9722915969257576e-06,44,396,6,87944,3953055
nn_approval_signed_physics,impedance_1.1,0.05,6.231937773033636e-05,0.0006555555555555555,6.0804226215184845e-05,6.307695348791212e-05,0.044887092987867576,0.21214122543261477,0.044642320999857425,0.04501205050261633,0.24437525252525252,0.6001666666666667,0.24289242424242422,0.2462530303030303,0.0002926220972569225,0.0029898250710298445,0.00028542868980565526,0.0002963146162106061,8.188593952946136e-05,0.000879302476901211,7.99245355019144e-05,8.286664154323485e-05,44,396,246,87944,3953055
nn_approval_signed_physics,impedance_1.1,0.1,2.2035752172737877e-05,0.0002777777777777778,2.0520600657586363e-05,2.2793327930313635e-05,0.044887092987867576,0.21214122543261477,0.044642320999857425,0.04501205050261633,0.2791626262626263,0.6048888888888889,0.2781590909090909,0.280844696969697,9.85149526804144e-05,0.0010698152177722334,9.335500162146666e-05,0.00010112661700929925,2.9311077710955307e-05,0.00038118915360751114,2.7142309838097726e-05,3.0395461647384087e-05,44,396,87,87944,3953055
nn_approval_signed_physics,impedance_1.1,0.2,7.575757575757576e-07,3.3333333333333335e-05,7.575757575757576e-07,7.575757575757576e-07,0.044887092987867576,0.21214122543261477,0.044642320999857425,0.04501205050261633,0.3502462121212121,0.6151666666666666,0.3493068181818182,0.3511378787878788,3.172427795543182e-06,0.0001395868230039,3.1724277955431815e-06,3.1724277955431815e-06,1.0050089646795455e-06,4.42203944459e-05,1.0050089646795455e-06,1.0050089646795455e-06,44,396,3,87944,3953055
nn_approval_signed_physics,impedance_1.2,0.05,1.8500398637384345e-05,0.00023333333333333336,1.824787338485909e-05,1.9005449142434848e-05,0.044887092987867576,0.21214122543261477,0.044642320999857425,0.04501205050261633,0.2802376262626263,0.6086222222222222,0.2787810606060606,0.28209015151515154,8.334398638420984e-05,0.0009399790442943112,8.215920402571287e-05,8.566848936846287e-05,2.4651775363520962e-05,0.00031944360700506664,2.43247548344803e-05,2.5305816421602272e-05,44,396,73,87944,3953055
nn_approval_signed_physics,impedance_1.2,0.1,7.13676227374798e-06,7.777777777777778e-05,6.1266612636469705e-06,7.641812778798485e-06,0.044887092987867576,0.21214122543261477,0.044642320999857425,0.04501205050261633,0.3144611111111111,0.6129111111111111,0.31344848484848487,0.31614469696969694,3.7855640900268934e-05,0.0004892370246924666,3.3952894169460605e-05,3.9823480256528036e-05,9.281003776390657e-06,0.00010587156701855555,7.906529684540151e-06,9.96824082231591e-06,44,396,28,87944,3953055
nn_approval_signed_physics,impedance_1.2,0.2,0.0,0.0,0.0,0.0,0.044887092987867576,0.21214122543261477,0.044642320999857425,0.04501205050261633,0.3829770202020202,0.6219,0.3820659090909091,0.3838575757575758,0.0,0.0,0.0,0.0,0.0,0.0,0.0,0.0,44,396,0,87944,3953055
nn_approval_signed_physics,stale,0.05,0.1579905550467071,0.5853621998328897,0.1569670731714763,0.1587244913486955,0.044887092987867576,0.21214122543261477,0.044642320999857425,0.04501205050261633,0.05082222222222221,0.05082222222222223,0.04883333333333334,0.053366666666666666,0.2503929864724321,0.884907658529213,0.24948460002260803,0.2510756661615524,0.2382205054570445,0.647964496828226,0.2364260505290968,0.2395070330549336,44,396,621577,87944,3953055
nn_approval_signed_physics,stale,0.1,0.13881759607635355,0.5400964495817785,0.13777703550662124,0.13938084350233632,0.044887092987867576,0.21214122543261477,0.044642320999857425,0.04501205050261633,0.09958888888888887,0.0995888888888889,0.09806666666666668,0.10216666666666667,0.23248700571883718,0.8764408480817123,0.23151731136751805,0.23304123067488103,0.20502335891327989,0.5978531437186477,0.20327359421769609,0.20597112550137708,44,396,545966,87944,3953055
nn_approval_signed_physics,stale,0.2,0.10241800200647731,0.4445809771738898,0.10206526913568342,0.10286757973669941,0.044887092987867576,0.21214122543261477,0.044642320999857425,0.04501205050261633,0.19989999999999997,0.1999,0.19856666666666667,0.2011,0.19591571769046656,0.8537706399909981,0.19549842687786043,0.19642786012899488,0.14584359543445832,0.4921205522927822,0.1452884212864407,0.1465496133779575,44,396,402487,87944,3953055
nn_margin,not_applicable,0.05,0.16142543025898923,0.5989189313955251,0.16075483903108664,0.16250915839596497,0.034766959415839765,0.18637332085211206,0.03417465854377655,0.03554783160676064,0.05221111111111112,0.05221111111111111,0.048100000000000004,0.055,0.2521996875662926,0.8839694717733796,0.25149728403706567,0.25329047705734015,0.2442783397558719,0.6629710355629642,0.24301410291526518,0.2462938105610837,44,396,635085,67182,3953055
nn_margin,not_applicable,0.1,0.1483587908855023,0.5683979100732124,0.14750137681456943,0.14885131036529103,0.02683920947098193,0.1628386148474444,0.02626415570076011,0.027195234231010553,0.10222222222222223,0.10222222222222223,0.10016666666666667,0.1056,0.239381215286937,0.875429508804402,0.2385267804645763,0.2398738212908412,0.22115882072230564,0.6291848779846527,0.2196810358050416,0.22200334959253973,44,396,583553,50773,3953055
nn_margin,not_applicable,0.2,0.12168793454196182,0.5014802309574313,0.12088822003095126,0.12246084522568397,0.015504459072119482,0.12359598871751322,0.015199702117585196,0.015676198619920957,0.20490000000000003,0.2049,0.2023,0.20823333333333333,0.2128318673942106,0.8555405937567419,0.21201427384778182,0.21361386507319238,0.17633895265446478,0.5551087404159483,0.1750302602236494,0.17758388803261743,44,396,478401,27201,3953055
nn_spread,not_applicable,0.05,0.16960622103436315,0.596918169956423,0.16946171276184444,0.169724351201893,0.04016467144500246,0.18461920939728005,0.03830985613507961,0.041577966565835095,0.047733333333333336,0.04773333333333333,0.04603333333333333,0.0492,0.2613944122788998,0.8833764174260919,0.2611101148538612,0.2617576630319013,0.2608966828683521,0.6607534536270924,0.260555871568549,0.26115305745840556,44,396,667494,81762,3953055
nn_spread,not_applicable,0.1,0.16206705430576768,0.5685503894537786,0.16178786075686305,0.16252437754760984,0.036173288334834644,0.16096385562789187,0.03402768833900656,0.03755494403414354,0.09670000000000001,0.0967,0.09476666666666667,0.098,0.25519404661852296,0.8751777296290979,0.25507699644321147,0.25535876982563516,0.24899292862945152,0.6293526252715294,0.24859828366651737,0.24944345940025103,44,396,637836,75610,3953055
nn_spread,not_applicable,0.2,0.1461365672957834,0.5151422943478029,0.14548000704545266,0.1470175114203477,0.029497426709750377,0.11606576522371978,0.026029884179259312,0.031858411234191766,0.19697777777777786,0.19697777777777778,0.19336666666666666,0.2001,0.24158432776243524,0.8577467460714266,0.24141660445151714,0.24187065089087992,0.22380175487974716,0.5702296205464097,0.22298277160511953,0.22448359029710518,44,396,575122,64493,3953055
phy_d,branch_noise_10pct,0.05,0.0032620485396443067,0.01361111111111111,0.003153651165889763,0.0034121766204867287,0.0021216015208001073,0.01759089116986518,0.002078201737543463,0.002197121287669336,0.22114848484848482,0.603211111111111,0.2198901515151515,0.2219871212121212,0.011250820219978032,0.060785708100736496,0.01095530993916929,0.01166487531600437,0.005559384422065716,0.02168222744170609,0.0053502188967925884,0.005848935350387437,44,396,12885,2170,3953055
phy_d,branch_noise_10pct,0.1,0.0010669178811667148,0.0074444444444444445,0.00100254103336186,0.0011165635750949054,0.0010367770255782344,0.009713934044578577,0.0009766685529479038,0.0010807276311058645,0.25232651515151516,0.6097555555555556,0.2508939393939394,0.2541871212121212,0.0043321143069838955,0.034012860144037406,0.004091843956285508,0.004511659912478059,0.0015682992240170558,0.0094516493529475,0.0014658994474994562,0.0016489729398825766,44,396,4214,961,3953055
phy_d,branch_noise_10pct,0.2,0.0001767012284332924,0.0016555555555555555,0.00017064062237268638,0.00018200425873632272,0.0001664088140908866,0.0020009091610354002,0.00014876808768526136,0.00017522917729369922,0.3149343434343434,0.6204555555555555,0.3129522727272727,0.3172924242424242,0.000786808952353753,0.006929910566595966,0.0007616686933415235,0.0008099790672192818,0.0002305893303539596,0.0021722745124325336,0.0002224321553770182,0.00023757981572254997,44,396,699,146,3953055
phy_d,current,0.05,0.0028309354366899747,0.008566666666666667,0.0027074977573225455,0.0029949910044614206,0.0018921545766613366,0.0182145607431603,0.001847479029183344,0.00196416486593818,0.22057828282828282,0.6026666666666667,0.21929696969696968,0.22142651515151515,0.009972005763598912,0.05263440008476997,0.009636328554343408,0.010401022112749164,0.004675891198808105,0.011428998837491933,0.0044399637950729865,0.00499355962271226,44,396,11174,1851,3953055
phy_d,current,0.1,0.0006056771707152434,0.0041,0.0005673177982517977,0.0006366312815968924,0.0007864183594621922,0.010094467344701733,0.0007679595858721363,0.0008093776771576258,0.2518472222222222,0.6089444444444445,0.2504136363636364,0.2537462121212121,0.0028267267180024647,0.022740543070998223,0.0026674350745855896,0.0029518755081234817,0.0008079244580809753,0.005502543832543411,0.0007521467651572871,0.0008532578865306704,44,396,2383,621,3953055
phy_d,current,0.2,0.00010115771312794922,0.0011555555555555555,9.583467920573562e-05,0.0001049855991541947,0.00013121518465280784,0.0015186738068551,0.00012084358071894774,0.00013640098661973788,0.3146224747474747,0.6198777777777777,0.31260303030303027,0.3170037878787879,0.0004556669608311223,0.004524672663784634,0.0004308172235001159,0.00047524633805498106,0.00013235681912549799,0.0015504917619996556,0.00012546778036257803,0.0001372618781137076,44,396,399,106,3953055
phy_d,impedance_0.8,0.05,0.05990910045660267,0.1305,0.05964301569082923,0.0602736475801162,0.00020452199215418863,0.0022153783696545,0.00019552831911993104,0.00021900852603427576,0.20534393939393938,0.5633666666666666,0.20398939393939394,0.2062712121212121,0.1358623608888579,0.3485381704341915,0.13538473164189554,0.13652921611787389,0.10738867333468942,0.24354403883835207,0.10691621884186542,0.10801495009883147,44,396,236882,167,3953055
phy_d,impedance_0.8,0.1,0.051927828102990965,0.11143333333333333,0.05147348930279326,0.052288080109583676,7.242924509411515e-05,0.0007449760908845335,7.242924509411515e-05,7.242924509411515e-05,0.23634065656565661,0.5725,0.23493257575757576,0.2381568181818182,0.12108272101839991,0.315019273352675,0.12023934956430106,0.12174837702470433,0.09361313486543749,0.2152587272149792,0.09282517974568587,0.09424887375310526,44,396,205326,57,3953055
phy_d,impedance_0.8,0.2,0.036105547449399485,0.07528888888888889,0.03554556085723867,0.03658806657265851,0.0,0.0,0.0,0.0,0.2982323232323233,0.5913222222222223,0.2963090909090909,0.30056666666666665,0.08914460264811129,0.23401916531310427,0.08794934908178331,0.09017115736344633,0.06581755410300504,0.1446296576959504,0.06482058403651414,0.06666884184058681,44,396,142773,0,3953055
phy_d,impedance_0.9,0.05,0.030943153780484445,0.0633,0.030698122043824123,0.031285237848956614,0.0005776596430475781,0.005836370359726567,0.0005602557965690204,0.0005967511119469455,0.2087631313131313,0.5863,0.20745606060606062,0.2096287878787879,0.0771577922003616,0.20399471534708216,0.07661928177915531,0.07792405355165997,0.05767573876027649,0.12784441580690784,0.05722007174482646,0.05830103256777815,44,396,122364,476,3953055
phy_d,impedance_0.9,0.1,0.02307875099639899,0.04557777777777778,0.02261921973024708,0.02343727687590047,0.00021274600067415354,0.0019162530218162553,0.00019910077540621286,0.0002243652376877341,0.23982146464646464,0.5939555555555556,0.23838560606060605,0.24169318181818183,0.059769519299487366,0.16874069449705278,0.05872128703002117,0.06059110309704645,0.04300401997399594,0.09363032354424544,0.04213999382862883,0.04367911895747148,44,396,91256,178,3953055
phy_d,impedance_0.9,0.2,0.01009552969496786,0.01976666666666667,0.00970355031934507,0.010426843683923053,1.1149524103368182e-05,0.0003482505663837,9.139772789995456e-06,1.2154399760054545e-05,0.3028560606060606,0.608688888888889,0.3009098484848485,0.3052439393939394,0.028247777452234394,0.08627487278174828,0.027267788326794724,0.029068945098755475,0.018711203689872277,0.041377331923461096,0.017963556651751027,0.01934654401599862,44,396,39915,11,3953055
phy_d,impedance_0.95,0.05,0.01644841100607088,0.03217777777777778,0.016218235159362,0.016772271061494988,0.001026832696423165,0.011216517342072,0.0010106179268110742,0.0010516089424989614,0.2132141414141414,0.5958,0.21193712121212122,0.21405757575757578,0.04385701568282009,0.12385889754600446,0.04332060389655554,0.04460283774688475,0.030896362563975734,0.06876802691389494,0.030450893029873673,0.03152494070090263,44,396,65042,854,3953055
phy_d,impedance_0.95,0.1,0.009179705819660154,0.01792222222222222,0.008802096995438262,0.009462573637383046,0.0003958041646082129,0.0048561021738799,0.00038149332099523484,0.00040838388624765606,0.2444517676767677,0.6027444444444444,0.24298409090909093,0.24638863636363637,0.026146506260290792,0.08712149906967902,0.025192254344453803,0.026862241054127673,0.016941594830002505,0.03648045622651041,0.016223100660115713,0.017477648673764442,44,396,36288,314,3953055
phy_d,impedance_0.95,0.2,0.0013407893534666518,0.0047777777777777775,0.0011982408869175985,0.001467114863010721,4.984540276553257e-05,0.0005716422085901667,4.7931518708965157e-05,5.367317087866742e-05,0.308130303030303,0.6144888888888889,0.30612272727272727,0.3105318181818182,0.004893166262698863,0.026914231849230957,0.004441850855175947,0.0052917593666837156,0.002175542166573006,0.006410156886089389,0.001920685406487722,0.0024022217266547272,44,396,5291,44,3953055
phy_d,impedance_1.05,0.05,0.00027522750306916766,0.0025666666666666667,0.00026687215133482046,0.0002873927519924076,0.0032503431922923333,0.023201664394709522,0.003143732157960943,0.003421967208549867,0.23074166666666665,0.6091555555555556,0.22950757575757577,0.23156060606060605,0.0013135966705866708,0.010391397244669089,0.0012760047819568416,0.0013708830850766448,0.0003586375233556656,0.0034441208238088,0.00034759752386899923,0.0003744318982288773,44,396,1083,4235,3953055
phy_d,impedance_1.05,0.1,0.00013432860959464345,0.0015111111111111113,0.00012992764268468258,0.00013769745709348938,0.0016053680938337132,0.017090781048971333,0.0015308757552491281,0.0016543787161892992,0.26114242424242423,0.6147555555555555,0.25976136363636365,0.26297045454545454,0.0006076550420390608,0.005923133406415611,0.0005813282713588667,0.000628809602126719,0.00017576177259925858,0.0020276007555647107,0.00017012218954652348,0.00017999777011465983,44,396,530,1605,3953055
phy_d,impedance_1.05,0.2,2.7843832980818684e-05,0.00035555555555555557,2.4308479445465153e-05,3.0369085506071214e-05,0.0003943268639302828,0.006876615798447644,0.0003604213243977144,0.0004228408580125848,0.322819696969697,0.6236,0.32084318181818183,0.3251386363636364,0.00011866256718678054,0.0013048989386091221,0.00010422013984249242,0.00012893238955145227,3.687499625594545e-05,0.0004889390425035666,3.217017047474469e-05,4.0237888383001516e-05,44,396,110,282,3953055
phy_d,impedance_1.1,0.05,0.00011023671733320453,0.0011333333333333334,0.00010796399006047727,0.00011250944460593183,0.010522408592625683,0.028497885666440632,0.010347127806515357,0.010788377357635541,0.2428795454545454,0.6139333333333333,0.2416689393939394,0.24367121212121212,0.0005007345409934249,0.004483605892589622,0.000491835484891331,0.0005098303198256174,0.0001442973153991164,0.0015183326346085999,0.00014124178668335302,0.00014733897912093941,44,396,435,23248,3953055
phy_d,impedance_1.1,0.1,5.1965842376801e-05,0.0005888888888888888,5.019816560912424e-05,5.398604439700303e-05,0.005171431178927806,0.022073097763006186,0.004917027103985424,0.005363443105295624,0.27220909090909096,0.6183888888888889,0.27085378787878783,0.27399772727272725,0.00023278162610116036,0.0026854203555241557,0.00022497267717252727,0.00024181762401282044,6.827789935172399e-05,0.0007554155651957889,6.597697246942727e-05,7.090110935562349e-05,44,396,205,10334,3953055
phy_d,impedance_1.1,0.2,1.2692317829303537e-05,0.0002111111111111111,1.1429691566677273e-05,1.4459994596980302e-05,0.0008643547308090912,0.011135638174357788,0.0008167600441070598,0.0009091166034216925,0.3321558080808081,0.6269444444444444,0.33026363636363637,0.33440681818181817,5.626337660871692e-05,0.0007834300777691445,5.115065593297273e-05,6.34024352817803e-05,1.6777277589727526e-05,0.00028920517698435556,1.509800537064697e-05,1.913081306320909e-05,44,396,50,806,3953055
phy_d,impedance_1.2,0.05,3.296039323436541e-05,0.00039999999999999996,3.2707867981840154e-05,3.346544373941591e-05,0.0227201289201129,0.08200382215053348,0.022593414231613193,0.022894734024621586,0.2704580808080808,0.6214888888888889,0.26933636363636365,0.2712128787878788,0.00014761318178694116,0.0015243992126258335,0.0001465013215962379,0.00014983128749078181,4.348045238054975e-05,0.0005491234388688,4.315151496681363e-05,4.413832720802197e-05,44,396,130,55246,3953055
phy_d,impedance_1.2,0.1,1.6985247122232827e-05,0.00022222222222222223,1.597514611213182e-05,1.749029762728333e-05,0.018136096375347837,0.0636342826641937,0.017875497251264926,0.018330215041589236,0.2983949494949495,0.6254444444444445,0.2971575757575758,0.30005454545454546,7.378810412944875e-05,0.0008779721284180779,7.034433591545833e-05,7.551130916242121e-05,2.2568947757426265e-05,0.0002981812684793667,2.111904474109394e-05,2.3293899265592423e-05,44,396,67,44272,3953055
phy_d,impedance_1.2,0.2,3.0303030303030305e-06,6.666666666666667e-05,3.0303030303030305e-06,3.0303030303030305e-06,0.009223233371949786,0.03301367694932254,0.00894703706429257,0.009470589445851123,0.35411944444444443,0.6326555555555555,0.3523681818181818,0.35618181818181816,1.3213349833153787e-05,0.0003091674086774111,1.3208651870940151e-05,1.321696246155e-05,3.944089430385606e-06,8.844078889183333e-05,3.944089430385606e-06,3.944089430385606e-06,44,396,12,22305,3953055
phy_d,stale,0.05,0.1675149450792794,0.6082686945994036,0.1670797171897887,0.16807906125095212,0.034187471360488525,0.20131431649566514,0.0340153203995776,0.034461164680287704,0.05374444444444444,0.05374444444444445,0.051699999999999996,0.055233333333333336,0.25838605082025884,0.8874021939111255,0.25797498390619367,0.25891596673681055,0.25509978844478687,0.6733160382962642,0.2543013882203267,0.25612732930508203,44,396,659134,61442,3953055
phy_d,stale,0.1,0.15441492843994387,0.5770901846908629,0.15365983115063322,0.1550980848559135,0.026939827290053318,0.18110144711868995,0.0263995231564838,0.02738075891084295,0.10378888888888885,0.10378888888888889,0.10116666666666667,0.107,0.24595261542097022,0.8794290857764165,0.2451985435258608,0.24663518716827681,0.23194869461654585,0.6388088919743259,0.23061514597486393,0.23315556683565222,44,396,607475,46206,3953055
phy_d,stale,0.2,0.12823639002828605,0.5126789390223636,0.1272631250685794,0.12908853018420924,0.015321109245752378,0.13880232562499117,0.014932057423949752,0.01566950816312096,0.2044555555555555,0.20445555555555556,0.2013,0.2081333333333333,0.22014364306057474,0.8603591091765862,0.21914889697931045,0.22101850340053564,0.1874224723495553,0.5675040511218805,0.18582163640137897,0.18882370809489019,44,396,504255,23284,3953055
phy_min,branch_noise_10pct,0.05,0.15620665607630077,0.6018595340239001,0.15509961259470736,0.15750745866576207,0.03114009586162586,0.16524300008072162,0.030444375757500707,0.03215377195719849,0.0590280303030303,0.06656666666666666,0.05488030303030303,0.06240681818181818,0.245639770516528,0.8818249709646193,0.24446902135774365,0.2470171164184661,0.23369652567492405,0.666225044048865,0.23163039101010505,0.2360834405137913,44,396,614398,61569,3953055
phy_min,branch_noise_10pct,0.1,0.13532874467907502,0.5646536547681902,0.13407985419998944,0.13616470724165486,0.018430620312690858,0.12312571006344358,0.01768300946508485,0.01891013423809926,0.12839267676767674,0.14474444444444445,0.12538560606060606,0.13284924242424243,0.22376243066846557,0.8695388493035586,0.22248902735646658,0.22460331447052093,0.19643790324866303,0.62503878111126,0.19433694290127898,0.19783635929737034,44,396,531980,35967,3953055
phy_min,branch_noise_10pct,0.2,0.10243095602040944,0.49228428712023753,0.10125234792640152,0.10315687313240386,0.005041225515054708,0.058187763253644685,0.004760864625867418,0.005210505208674709,0.2517595959595959,0.29074444444444447,0.2487871212121212,0.25657651515151514,0.18869029525637224,0.8439810636117788,0.18738972849179758,0.18949137304671848,0.14285250476780645,0.5449271446125634,0.14102756425212568,0.14396632058864445,44,396,402207,8815,3953055
phy_min,current,0.05,0.1554418440503053,0.6016189159912109,0.15431912554187424,0.15677165791096617,0.03174243733518623,0.1653704210797023,0.030986764776155876,0.03280140799962983,0.05899747474747474,0.06722222222222222,0.054877272727272726,0.0623560606060606,0.24467070898447646,0.8817990377642579,0.24346188950285713,0.24611364894055163,0.23215260376755237,0.6659586841899819,0.2300531260237671,0.2346161876365514,44,396,611371,63479,3953055
phy_min,current,0.1,0.13408662192239104,0.5645446979185385,0.1328431663319561,0.13491235431610005,0.018491490824652315,0.12337882236458607,0.017700102135536966,0.018996286205180724,0.1285638888888889,0.145,0.12555378787878788,0.13304545454545455,0.22215128879580892,0.8695490157326395,0.22085727100133914,0.22299634093399087,0.1940079138612341,0.6249182843418202,0.19190548072627228,0.1953908108456763,44,396,527062,36272,3953055
phy_min,current,0.2,0.10174268550781272,0.4919114956770935,0.10054169524184153,0.10248358158457667,0.005078921317567516,0.05794595452434955,0.004807765787379607,0.005243583707989891,0.251925,0.29056666666666664,0.24894545454545453,0.2567628787878788,0.1874921194607884,0.8438448935089881,0.1861636007875582,0.18830941674657614,0.14141262314705705,0.5445139692410167,0.1395476623553191,0.14255009923855333,44,396,399484,9079,3953055
phy_min,impedance_0.8,0.05,0.1564067036220014,0.5981282927013946,0.15527720539655243,0.15772191655764972,0.034492485240510476,0.17049970869571698,0.033981685715483836,0.0352699779363636,0.06102045454545455,0.06592222222222223,0.056710606060606066,0.0645560606060606,0.24760047704338453,0.8818325589549145,0.24649580742697705,0.2489011281116137,0.23616276850255813,0.6620940482858259,0.23415998309666322,0.23847184607422736,44,396,615216,69306,3953055
phy_min,impedance_0.8,0.1,0.13347409158962475,0.5575489188323779,0.13206829978192888,0.13441117413276746,0.024462199327692776,0.13087617158068446,0.023801943855710498,0.024875688624037173,0.1353338383838384,0.14806666666666668,0.13213181818181818,0.1401431818181818,0.22470974885934403,0.869111606516834,0.2232771115027836,0.2256559444955539,0.1969204549645638,0.6171761278387382,0.19459852381434972,0.19846706256513977,44,396,524685,50460,3953055
phy_min,impedance_0.8,0.2,0.09427274734531253,0.4744453276381966,0.09285766384086533,0.09513256155379025,0.011161200970299311,0.06628046257089411,0.01077019325459777,0.011405697104182119,0.2671671717171717,0.29591111111111107,0.2640780303030303,0.27219242424242424,0.18204493831234972,0.8402074338423637,0.18038488111256484,0.18305026431980206,0.13421076271474452,0.5251770746613246,0.13203029117582277,0.13552348278886014,44,396,370024,24932,3953055
phy_min,impedance_0.9,0.05,0.15563043237107507,0.6002945798828592,0.15444443102664981,0.15702866606434046,0.03348418393248959,0.16260227627649626,0.03294123445938013,0.03430780643802278,0.0600338383838384,0.0661888888888889,0.05577424242424242,0.06354166666666666,0.24580215317287085,0.8812256547058926,0.2445802066690216,0.2472596339678851,0.23365841148790328,0.6644927468518173,0.23150147562397883,0.23618033880969924,44,396,612127,68041,3953055
phy_min,impedance_0.9,0.1,0.13166652309940302,0.5617270163737327,0.1302135344008804,0.13264320519013326,0.023028190732380563,0.12088120791576112,0.022370202206264997,0.023451369390102783,0.1321631313131313,0.1474111111111111,0.12907272727272728,0.13675681818181817,0.2207789781303064,0.8686603328845703,0.21924749325988868,0.22179699878672215,0.19168998282269767,0.621800744623912,0.18924670031136268,0.19332144737126952,44,396,517498,48503,3953055
phy_min,impedance_0.9,0.2,0.09171741534061643,0.4814107194315673,0.09029380040860613,0.09259812485257406,0.009886991028938464,0.05995170518343243,0.009501050852946141,0.010122269462148137,0.258425,0.2913,0.2553954545454546,0.26333863636363636,0.17564952281980284,0.841266180604297,0.17393278757200104,0.1767065842592545,0.12665588339502573,0.5328912271565858,0.12443586812478609,0.12801366129285335,44,396,359857,22343,3953055
phy_min,impedance_0.95,0.05,0.15525270301769944,0.5993300438898851,0.15407332556374828,0.15665254707258255,0.0328708949340554,0.16309627191599896,0.032315272645111214,0.033663952177034724,0.05965883838383838,0.06592222222222223,0.05556439393939394,0.06300681818181819,0.2449212558208508,0.8811207744964773,0.2436729941138424,0.24641154829089998,0.23243112381492192,0.6634263818760779,0.23024269274623177,0.2350098507252059,44,396,610638,66863,3953055
phy_min,impedance_0.95,0.1,0.13121343970192395,0.5619802357735421,0.1297595589093245,0.1321836866248441,0.021921681348030467,0.12126041367200743,0.021247877448363896,0.022356900125689454,0.1297020202020202,0.14638888888888887,0.12667651515151515,0.13420454545454547,0.21936861226240467,0.8687580836940962,0.2178197805306418,0.220390923345391,0.18968035189177473,0.6220800944068335,0.1872057448568839,0.19131932833815032,44,396,515702,45945,3953055
phy_min,impedance_0.95,0.2,0.09355051373711656,0.4863114933220179,0.0922579350498394,0.09434297785398037,0.007805402180904602,0.05782983709721631,0.007421811257996882,0.00803982558277655,0.25423005050505054,0.29196666666666665,0.251239393939394,0.2591007575757576,0.1770959594700857,0.8423183788724536,0.17559040880728238,0.1780128823664084,0.12810402807099353,0.5383170123833638,0.12610883575164036,0.12931251468132862,44,396,367082,16738,3953055
phy_min,impedance_1.05,0.05,0.16418899403547338,0.6043157375608287,0.1634330282525312,0.16504502691833242,0.027212742046191032,0.16576052825485407,0.02636886438720353,0.028404846815562136,0.059113636363636375,0.06546666666666666,0.055,0.062487121212121216,0.2543878666119048,0.882312330319298,0.25361188474749463,0.2552803240230377,0.24959207517489662,0.6689443715026732,0.24818357207353992,0.25115569179904423,44,396,645991,50531,3953055
phy_min,impedance_1.05,0.1,0.14570148937709002,0.5702655325919604,0.14445934508486702,0.14653136532525077,0.014238118701674851,0.12572733406167055,0.013582629468797385,0.01468161302830034,0.12912626262626262,0.14503333333333335,0.12609621212121214,0.1336439393939394,0.23527883654318538,0.8709937971964852,0.23400312657982364,0.23612591559253024,0.21576445730295724,0.6312510741180324,0.2135700331898866,0.21722458826286264,44,396,573017,23972,3953055
phy_min,impedance_1.05,0.2,0.11154194741563388,0.49999013073233495,0.11026343783689,0.11233338059560682,0.003497880409458398,0.060179555253126474,0.0033008287168177844,0.0036194930961930176,0.2518500000000001,0.2884888888888889,0.24885606060606058,0.25667954545454547,0.19943748861042296,0.846288234264708,0.19806250060884495,0.20028383483285517,0.1579830663262298,0.5534567882018732,0.15593893175059081,0.1592395434398677,44,396,438233,4389,3953055
phy_min,impedance_1.1,0.05,0.16491625940764817,0.605893191714296,0.16423544192161982,0.16569213885533066,0.02818803454680828,0.16733932486759853,0.027405309842173743,0.029320849087656684,0.05947954545454546,0.06593333333333334,0.055309090909090905,0.06288257575757575,0.25499229364576975,0.8827849661354444,0.2542869564607697,0.255808596972108,0.25081235620664777,0.6706907021482978,0.24954003711989825,0.25223221698429793,44,396,648860,53015,3953055
phy_min,impedance_1.1,0.1,0.15060072381917336,0.5743207369325158,0.14964409193411757,0.15123449551089294,0.014224961672074788,0.12409041097792153,0.013521344298747288,0.014683117949817215,0.12976085858585854,0.14174444444444445,0.12676212121212121,0.1342689393939394,0.24047968657237104,0.8715837738608767,0.23954718705359399,0.24108610331635147,0.2249082158778654,0.635741065952115,0.2232497907202112,0.22599535580925217,44,396,592390,23614,3953055
phy_min,impedance_1.1,0.2,0.12108625771708548,0.5069842284406498,0.11980120557810431,0.12187449078283018,0.0028951420210555985,0.0602926154395641,0.002751573930120903,0.0029814207094345196,0.25316212121212117,0.28646666666666665,0.25017954545454546,0.25797348484848487,0.21074246336756158,0.8481063514725994,0.20942693833632148,0.2115457330557858,0.17480850471231985,0.561200074326168,0.17271609366368013,0.17607939736265632,44,396,475980,2483,3953055
phy_min,impedance_1.2,0.05,0.1651085799402719,0.6065552951497399,0.16443815531203945,0.16587130944079592,0.0313680007332314,0.16873057767547303,0.030791057214633002,0.03220832907504002,0.05854999999999999,0.06735555555555556,0.05442954545454546,0.061928787878787875,0.25522006675459796,0.8830686130811126,0.25452942897883885,0.25601175198757387,0.2511246666822767,0.6714232706711988,0.2498676211907882,0.2525200215750516,44,396,649617,61649,3953055
phy_min,impedance_1.2,0.1,0.15131101957258927,0.5755848611939288,0.15041089092532847,0.15191076478877052,0.020423173759159387,0.12759967032543276,0.019802514903667513,0.02080397305065101,0.12918560606060606,0.14407777777777778,0.12617045454545453,0.13373257575757574,0.2412481273938025,0.8722775137905768,0.2403638301356235,0.24182318828781457,0.22620975531824855,0.6371409787008826,0.2246471763575627,0.2272395004466655,44,396,595194,40362,3953055
phy_min,impedance_1.2,0.2,0.12494370088620527,0.5108117278819205,0.123902215453123,0.12559385969803988,0.007859004256279705,0.06037948800361834,0.007502936202095769,0.008082531206061892,0.25563813131313134,0.2887111111111111,0.2525522727272727,0.2606060606060606,0.21498714794233323,0.8490886369061372,0.21395413993515786,0.21562991389460967,0.18145476510727987,0.5654379479056971,0.17976608207086917,0.1824976379870589,44,396,491229,16154,3953055
phy_min,stale,0.05,0.16437165747540322,0.6057973733621872,0.16371788943992832,0.16509935841889997,0.033578188806758745,0.19187742943980068,0.033125523375607945,0.034210297107163785,0.052577777777777765,0.05257777777777778,0.049666666666666665,0.05513333333333333,0.2549128721095382,0.8858179246442582,0.2542559641980436,0.2556642840463687,0.24920815957180806,0.6705838580353433,0.24797839880651232,0.25056486470287354,44,396,646704,62256,3953055
phy_min,stale,0.1,0.15087479848189908,0.5750800220924476,0.15003319207770738,0.15145585657733499,0.02583345782521008,0.17058336403623603,0.025402513577577824,0.02609452020017036,0.10327777777777776,0.10327777777777777,0.10123333333333333,0.10623333333333333,0.24172857291763886,0.8776981912304129,0.2409034359876046,0.2422844609176355,0.2251290405920188,0.6365815576319226,0.22367241974511579,0.2261233384849263,44,396,593470,46054,3953055
phy_min,stale,0.2,0.1252702091642396,0.5109336476709871,0.12426942253128634,0.12589459751897034,0.014334804148721108,0.12796634158304226,0.014016909020554127,0.014500752934513519,0.2031888888888889,0.2031888888888889,0.2008,0.20716666666666667,0.21638987568902135,0.8584373946482929,0.21537625896706636,0.21701576228823738,0.18193664812234084,0.5655721068979191,0.18029076348751577,0.1829550384765578,44,396,492521,22965,3953055
physics_approval_only,branch_noise_10pct,0.05,0.001968938751072007,0.0106,0.0018710434694763592,0.0020812679792999605,0.008785121046633882,0.032890578377941994,0.008785121046633884,0.008785121046633884,0.04330454545454546,0.05386666666666667,0.042121212121212115,0.044431060606060606,0.007355944552269858,0.04852092443405108,0.0070763177687653426,0.007679081970984584,0.003322778504839255,0.013456977347547812,0.0031187680794734093,0.003559888338030697,44,396,7773,13302,3953055
physics_approval_only,branch_noise_10pct,0.1,0.0004000718318239957,0.0032444444444444443,0.000379364761116925,0.00041118294293510685,0.008785121046633882,0.032890578377941994,0.008785121046633884,0.008785121046633884,0.0827459595959596,0.10464444444444444,0.08189848484848486,0.08434090909090909,0.0018547443555913465,0.015357626040056712,0.0017736054272422636,0.0018982907464742682,0.0005291769470625947,0.004119858785814622,0.0005005585007997439,0.0005445262321979022,44,396,1579,13302,3953055
physics_approval_only,branch_noise_10pct,0.2,3.327486491385657e-05,0.0005333333333333334,3.20122386512303e-05,3.428496592395757e-05,0.008785121046633882,0.032890578377941994,0.008785121046633884,0.008785121046633884,0.161295202020202,0.2089888888888889,0.16102272727272726,0.1615409090909091,0.00016224982523345153,0.0022589910368662333,0.00015617267005939926,0.00016666281348457577,4.304454201414141e-05,0.000703261012227,4.1430102953017423e-05,4.437800199870152e-05,44,396,131,13302,3953055
physics_approval_only,current,0.05,0.0013120970323548728,0.005844444444444445,0.0012305772149208182,0.0014113122910990607,0.0075224567256841355,0.03364991528136956,0.007522456725684136,0.007522456725684136,0.04339595959595959,0.053755555555555556,0.04223030303030303,0.044509090909090915,0.005463846921496029,0.04271866346848536,0.005191351411658421,0.005786612289544744,0.0019779714283748836,0.00783891099623301,0.0018366261599672734,0.002152772780092875,44,396,5167,10569,3953055
physics_approval_only,current,0.1,0.00022749825516627146,0.0020555555555555553,0.00021977445273511516,0.00023214973254692727,0.0075224567256841355,0.03364991528136956,0.007522456725684136,0.007522456725684136,0.08289595959595958,0.1034888888888889,0.08208257575757576,0.08442121212121212,0.0011405637712421232,0.010491856118217855,0.0010974781695806159,0.00116800549438745,0.0002934173608419965,0.0027598226067383665,0.00028338187857691595,0.00029939472193311515,44,396,894,10569,3953055
physics_approval_only,current,0.2,1.926556117852576e-05,0.00019999999999999998,1.9265561178525757e-05,1.9265561178525757e-05,0.0075224567256841355,0.03364991528136956,0.007522456725684136,0.007522456725684136,0.16150479797979797,0.20832222222222221,0.1612310606060606,0.1617590909090909,0.00010920783586090909,0.001960325665964,0.00010920783586090909,0.00010920783586090909,2.4595068046036363e-05,0.0002750004149487,2.4595068046036366e-05,2.4595068046036366e-05,44,396,75,10569,3953055
physics_approval_only,impedance_0.8,0.05,0.08888276023756116,0.12217777777777777,0.08825120499088233,0.08960008333652289,0.0007742397649081697,0.006717939171678533,0.0007742397649081696,0.0007742397649081696,0.04625454545454546,0.056066666666666674,0.04500454545454546,0.04742727272727273,0.17140047949744766,0.33903595312274537,0.1704301270900326,0.17248814212561556,0.20307551545775662,0.2653822275596679,0.20156681742559956,0.2047936314776499,44,396,351634,759,3953055
physics_approval_only,impedance_0.8,0.1,0.06725082366803464,0.09477777777777778,0.06645014881416468,0.06768449442830295,0.0007742397649081697,0.006717939171678533,0.0007742397649081696,0.0007742397649081696,0.08868459595959598,0.1057,0.08780075757575757,0.09035151515151514,0.1372141817211869,0.2863058466152632,0.13588378361305306,0.13793108837897805,0.15194228038082444,0.2013510638629589,0.15008410439705308,0.15295257822705072,44,396,266046,759,3953055
physics_approval_only,impedance_0.8,0.2,0.03084679900975982,0.04762222222222222,0.03073581371265084,0.0309557007492234,0.0007742397649081697,0.006717939171678533,0.0007742397649081696,0.0007742397649081696,0.17479949494949495,0.20367777777777776,0.17449848484848485,0.17507651515151515,0.0711345954478122,0.17287736310668123,0.07091026866714255,0.07135282225613573,0.0673278872478715,0.09522241117308951,0.06706963852744373,0.0675809031240023,44,396,122014,759,3953055
physics_approval_only,impedance_0.9,0.05,0.03782826599456799,0.05424444444444445,0.03727759131354408,0.03845410516684659,0.0019732525113458697,0.016389837254614334,0.0019732525113458697,0.0019732525113458697,0.04476616161616162,0.05293333333333333,0.04355681818181818,0.045922727272727275,0.08374553300775699,0.19708344787066723,0.08271368341695892,0.08490483983283188,0.0853814030144744,0.11549653595337503,0.08406549109305769,0.086876597524304,44,396,149638,1956,3953055
physics_approval_only,impedance_0.9,0.1,0.02105727514318835,0.03257777777777778,0.02051788609883317,0.021349696938093216,0.0019732525113458697,0.016389837254614334,0.0019732525113458697,0.0019732525113458697,0.08588106060606061,0.1031,0.08501969696969697,0.08750606060606061,0.05091252000971449,0.13818115834361427,0.04980100186594631,0.05151314268923099,0.045595947971596947,0.0684806263889299,0.04432813426363123,0.046284103653825556,44,396,83281,1956,3953055
physics_approval_only,impedance_0.9,0.2,0.002853686878525149,0.005755555555555555,0.0028243739456130356,0.0028820097140463442,0.0019732525113458697,0.016389837254614334,0.0019732525113458697,0.0019732525113458697,0.16833939393939396,0.20564444444444444,0.16803939393939393,0.1686068181818182,0.00860173577613678,0.03598667043047665,0.00852069987502312,0.008686087785908056,0.005439981081384205,0.009177673521178856,0.0053825052386660445,0.005493501691730667,44,396,11276,1956,3953055
physics_approval_only,impedance_0.95,0.05,0.015553988877839275,0.024411111111111113,0.015125300513030387,0.01605024730269372,0.003973544711135745,0.025400147949118566,0.003973544711135745,0.003973544711135745,0.04416969696969698,0.0532,0.042945454545454544,0.045311363636363636,0.03894113438219152,0.11366891777134487,0.038036682556073835,0.03995868623836049,0.033426876857617235,0.05138271348238731,0.0324047010796726,0.034623511622914376,44,396,61510,4416,3953055
physics_approval_only,impedance_0.95,0.1,0.004956116831021615,0.0098,0.004673521581776636,0.005106537365142514,0.003973544711135745,0.025400147949118566,0.003973544711135745,0.003973544711135745,0.08458838383838384,0.10386666666666666,0.08374469696969697,0.08617045454545454,0.014655871375947205,0.058075929695178594,0.01394475889620902,0.015036456266472277,0.00958894409296649,0.016085300580918678,0.008987982165473637,0.00990804167335788,44,396,19586,4416,3953055
physics_approval_only,impedance_0.95,0.2,0.00010505319679531112,0.000988888888888889,0.00010379057053268485,0.00010606329780541212,0.003973544711135745,0.025400147949118566,0.003973544711135745,0.003973544711135745,0.1651290404040404,0.2064666666666667,0.16485909090909093,0.16537348484848485,0.0005147622599828438,0.004583971678337466,0.0005094399288500637,0.0005190674527050637,0.00013598606833872197,0.0013279939580301333,0.0001343246861695712,0.00013731016554390153,44,396,413,4416,3953055
physics_approval_only,impedance_1.05,0.05,0.00018619297723805302,0.0019333333333333331,0.00018013237117744696,0.00019225358329865908,0.03205057878913554,0.05038689835855797,0.03205057878913554,0.03205057878913554,0.04268611111111112,0.05402222222222222,0.04157575757575758,0.04378939393939394,0.0009348009244197244,0.0082437251660244,0.0009072472825629539,0.0009617395103760629,0.0002414824546185687,0.0025948726457964335,0.0002335009325042341,0.00024954266047976436,44,396,732,58743,3953055
physics_approval_only,impedance_1.05,0.1,7.097682391476362e-05,0.0007222222222222222,6.64313693693091e-05,7.476470270264243e-05,0.03205057878913554,0.05038689835855797,0.03205057878913554,0.03205057878913554,0.08134621212121212,0.10583333333333333,0.08051136363636363,0.08291060606060606,0.00035261949649904975,0.0031982122556291443,0.00033177772910891664,0.00036998020437461896,9.240537270808384e-05,0.0009676053211715111,8.647250433970378e-05,9.734634254917576e-05,44,396,279,58743,3953055
physics_approval_only,impedance_1.05,0.2,3.2828282828282826e-06,7.777777777777778e-05,3.0303030303030305e-06,3.787878787878788e-06,0.03205057878913554,0.05038689835855797,0.03205057878913554,0.03205057878913554,0.1579459595959596,0.20937777777777777,0.15767651515151515,0.15817727272727272,1.4894807977065153e-05,0.00037365240349339997,1.3673108642158334e-05,1.7338206646878787e-05,4.2695197573606064e-06,9.930044171313333e-05,3.947256801100758e-06,4.914045669880304e-06,44,396,13,58743,3953055
physics_approval_only,impedance_1.1,0.05,7.930810286005983e-05,0.0007444444444444444,7.627779982975682e-05,8.385355740551439e-05,0.08014892167379302,0.12016176055238799,0.08014892167379302,0.08014892167379302,0.041762878787878786,0.05625555555555555,0.040600000000000004,0.042861363636363635,0.0004163782601166697,0.003429911252424867,0.0004015028193042068,0.00043782278690067806,0.00010328019602246162,0.0009988344223643445,9.931374469554545e-05,0.00010930353886191136,44,396,312,146550,3953055
physics_approval_only,impedance_1.1,0.1,2.607615621314192e-05,0.00030000000000000003,2.506605520304091e-05,2.6581206718192424e-05,0.08014892167379302,0.12016176055238799,0.08014892167379302,0.08014892167379302,0.0796590909090909,0.10775555555555555,0.0788590909090909,0.08116969696969696,0.00012178179750881995,0.0014545177506418887,0.00011693964707078258,0.00012420287272783866,3.4699110417450256e-05,0.00041206192690873333,3.338424935283257e-05,3.535654094975909e-05,44,396,103,146550,3953055
physics_approval_only,impedance_1.1,0.2,7.575757575757576e-07,3.3333333333333335e-05,7.575757575757576e-07,7.575757575757576e-07,0.08014892167379302,0.12016176055238799,0.08014892167379302,0.08014892167379302,0.15358131313131315,0.20973333333333333,0.15333636363636363,0.15380454545454544,3.420206580477272e-06,0.00015048908954099998,3.4202065804772726e-06,3.4202065804772726e-06,1.0050089646795455e-06,4.42203944459e-05,1.0050089646795455e-06,1.0050089646795455e-06,44,396,3,146550,3953055
physics_approval_only,impedance_1.2,0.05,1.9257974394960103e-05,0.0002444444444444445,1.9005449142434848e-05,1.976302490001061e-05,0.17032642408498175,0.2526035378423395,0.17032642408498172,0.17032642408498172,0.03984949494949495,0.055877777777777776,0.038779545454545455,0.040854545454545456,0.00010276430249083713,0.0011310526212486667,0.00010159898110262954,0.00010509494526725228,2.5649715716883835e-05,0.00033457517599745553,2.5305816421602272e-05,2.633751430744697e-05,44,396,76,313323,3953055
physics_approval_only,impedance_1.2,0.1,9.15696429395e-06,0.00016666666666666666,9.15696429395e-06,9.15696429395e-06,0.17032642408498175,0.2526035378423395,0.17032642408498172,0.17032642408498172,0.07550429292929293,0.10542222222222222,0.07476212121212122,0.07689696969696969,5.287464939060834e-05,0.0007703948794159334,5.287464939060833e-05,5.287464939060833e-05,1.2051577299200001e-05,0.00022777680202216665,1.20515772992e-05,1.20515772992e-05,44,396,36,313323,3953055
physics_approval_only,impedance_1.2,0.2,7.575757575757576e-07,3.3333333333333335e-05,7.575757575757576e-07,7.575757575757576e-07,0.17032642408498175,0.2526035378423395,0.17032642408498172,0.17032642408498172,0.14488308080808082,0.20746666666666666,0.14465,0.14508257575757577,3.894991041520454e-06,0.0001713796058269,3.894991041520455e-06,3.894991041520455e-06,1.0050089646795455e-06,4.42203944459e-05,1.0050089646795455e-06,1.0050089646795455e-06,44,396,3,313323,3953055
physics_approval_only,stale,0.05,0.1609718950344399,0.5924189370709104,0.16044819823203688,0.16166661238051452,0.0438766569024731,0.22675221223894168,0.043876656902473096,0.043876656902473096,0.05263333333333335,0.05263333333333334,0.05106666666666667,0.05393333333333333,0.25356489057390685,0.8879901191020514,0.2530772568847063,0.25422228469741226,0.24353522528092028,0.6557736175888628,0.2425897205012367,0.24480302986017938,44,396,633334,81177,3953055
physics_approval_only,stale,0.1,0.14187210257595,0.5474280688973567,0.1410825830995519,0.14229385128698083,0.0438766569024731,0.22675221223894168,0.043876656902473096,0.043876656902473096,0.10112222222222221,0.10112222222222222,0.10006666666666666,0.10313333333333333,0.23584478649882312,0.8798851034082191,0.23509897981197073,0.23624379849768737,0.2102174253952998,0.605969747680449,0.2088670411859156,0.2109387848814232,44,396,558011,81177,3953055
physics_approval_only,stale,0.2,0.10506251991980484,0.45210643202696793,0.10494242324547504,0.10515732813081359,0.0438766569024731,0.22675221223894168,0.043876656902473096,0.043876656902473096,0.20143333333333338,0.20143333333333333,0.2011,0.2018,0.1992086801665731,0.8581441302901522,0.1990812375676533,0.1993071088858071,0.14998399298597584,0.5004510129981695,0.1497935259820384,0.1501340204561268,44,396,412907,81177,3953055
physics_only_abs_margin,branch_noise_10pct,0.05,0.0036161619945089406,0.013311111111111112,0.0035169860582071077,0.003757511662764323,0.004028162640009421,0.020089776215751434,0.003977041637985356,0.004093835460255355,0.0447449494949495,0.05574444444444445,0.043406818181818185,0.04572045454545454,0.011695267243811626,0.05959188704842037,0.011437250453014663,0.012054036681078174,0.0068818004421777705,0.022314119007784988,0.006661975670058804,0.007194600825384199,44,396,14285,4786,3953055
physics_only_abs_margin,branch_noise_10pct,0.1,0.0011022160329769238,0.0074444444444444445,0.0010350614073942894,0.0011581748582182463,0.00210573914489171,0.01328245991405471,0.002027827626631546,0.002169844422151245,0.08646363636363637,0.10906666666666667,0.08446666666666666,0.08889090909090909,0.004473429248262795,0.03405599886249658,0.004234291225997516,0.004660732010395144,0.0016663970412646096,0.0094516493529475,0.0015496808573661357,0.0017679573210111902,44,396,4351,2263,3953055
physics_only_abs_margin,branch_noise_10pct,0.2,0.00018163479664484546,0.0016555555555555555,0.00017557419058423937,0.00018693782694787577,0.0004892517305232985,0.005647257303212556,0.00046235489301661286,0.0005090414837122742,0.1681237373737374,0.21706666666666666,0.16561287878787878,0.1711348484848485,0.000839909029028971,0.006950732754887755,0.000814683196519359,0.0008631547404137288,0.00023604128026387175,0.0021722745124325336,0.0002278841052869303,0.00024303176563246213,44,396,717,482,3953055
physics_only_abs_margin,current,0.05,0.0028674608822779083,0.008366666666666668,0.0027627493940397025,0.003016213797333256,0.003409107042886473,0.02158071073527111,0.0033334047511243575,0.003509297567882548,0.04470580808080809,0.05581111111111111,0.04336363636363637,0.04568939393939394,0.009939419812610857,0.0564054270926529,0.00964322135538639,0.010352908726968054,0.004977598938638141,0.011041618324507644,0.004772100117327984,0.005276670732122341,44,396,11316,3755,3953055
physics_only_abs_margin,current,0.1,0.0006147126962628247,0.0041,0.000577868475314531,0.0006464243829020492,0.001677837146918895,0.013078354339870634,0.0016419279504015652,0.0017164515760200703,0.08657777777777777,0.10824444444444443,0.08461590909090909,0.08902575757575758,0.0029274743479307526,0.026810640291892323,0.002773835749709382,0.0030571545519353636,0.0008190433893071177,0.005502543832543411,0.0007653640010358902,0.0008651125760826977,44,396,2416,1580,3953055
physics_only_abs_margin,current,0.2,0.0001068488570970788,0.0011555555555555555,0.00010152582317486516,0.00011067674312332424,0.0003558481236907803,0.003420230393926167,0.00033716843348564467,0.0003702116911713803,0.16850833333333334,0.21534444444444445,0.16594772727272727,0.17156363636363636,0.0005124064865890851,0.004636417879571967,0.0004874902947455743,0.000532055000062794,0.00013872460046381464,0.0015504917619996556,0.00013183556170089471,0.00014362965945202423,44,396,420,311,3953055
physics_only_abs_margin,impedance_0.8,0.05,0.09665855934325886,0.1325777777777778,0.0963066847068015,0.09713850968914058,0.00019130948930802275,0.0022153783696545,0.00018665556374016515,0.00019902913130835908,0.047085858585858585,0.05764444444444445,0.045654545454545455,0.04810681818181818,0.18289450080605116,0.35594069793705013,0.18236917845731118,0.18361299031991696,0.22150746039257976,0.28884761901436107,0.22068489094720573,0.2226267402424872,44,396,382398,155,3953055
physics_only_abs_margin,impedance_0.8,0.1,0.08129514303684743,0.11281111111111113,0.08047643030087497,0.08195156715741388,7.242924509411515e-05,0.0007449760908845335,7.242924509411515e-05,7.242924509411515e-05,0.0908780303030303,0.1093888888888889,0.08888863636363636,0.09334166666666666,0.15966278866689806,0.3230120189683982,0.1583952488780246,0.16067504754387835,0.18512110591076897,0.2426234680097767,0.18320185405537287,0.18666348265894606,44,396,321609,57,3953055
physics_only_abs_margin,impedance_0.8,0.2,0.052472981303103544,0.07535555555555556,0.051513202554203434,0.05330735347715647,0.0,0.0,0.0,0.0,0.17737121212121212,0.21292222222222223,0.17476742424242422,0.18052121212121214,0.11159131377784816,0.24006486619300593,0.10987688904512181,0.11307836942516193,0.1174042934385981,0.15906360836370767,0.11517262843905372,0.11933629589944163,44,396,207581,0,3953055
physics_only_abs_margin,impedance_0.9,0.05,0.044623467579207064,0.06265555555555556,0.044313306990986054,0.04506329565847046,0.0006475241390787715,0.0060716624546886,0.0006351114135742492,0.0006675382110896425,0.0458560606060606,0.05458888888888889,0.0444719696969697,0.04685757575757576,0.095747522188634,0.209664628359322,0.09518971840662453,0.09654409739703534,0.10197364507365393,0.13997217579609844,0.10122263179837701,0.10303832502882154,44,396,176532,546,3953055
physics_only_abs_margin,impedance_0.9,0.1,0.03143041831126004,0.0455,0.03070945670835165,0.032021523293104925,0.00024169741847681968,0.002284245113441689,0.0002278390505732606,0.00025648579971817876,0.08899772727272727,0.10596666666666667,0.08695757575757576,0.09149848484848484,0.07153780781632214,0.1755097411954677,0.0701508015935094,0.07267029997304592,0.07000967573817342,0.09618471356257717,0.06827516856165537,0.07143770426350836,44,396,124322,202,3953055
physics_only_abs_margin,impedance_0.9,0.2,0.012156446546508092,0.01976666666666667,0.011631911416928728,0.01260217447847641,1.1149524103368182e-05,0.0003482505663837,9.139772789995456e-06,1.2154399760054545e-05,0.17362348484848483,0.2069,0.17106439393939393,0.1767469696969697,0.03130168785760128,0.09151137251418479,0.030137282231353354,0.0322857392414023,0.025388973651311153,0.04153755093950611,0.024202997549555225,0.02639990952234294,44,396,48072,11,3953055
physics_only_abs_margin,impedance_0.95,0.05,0.021407222494016952,0.031844444444444446,0.021135292631439578,0.02179104173187822,0.001518928408799987,0.012696091342928734,0.0014994602274147925,0.0015441503767023143,0.04530151515151515,0.05433333333333333,0.043949242424242425,0.04630833333333333,0.05075150439649738,0.12964373546592178,0.05020711845625606,0.051519040732220384,0.047440257143889636,0.06805031799634266,0.04677841402966209,0.04837653644000796,44,396,84674,1336,3953055
physics_only_abs_margin,impedance_0.95,0.1,0.011018967564728801,0.017888888888888888,0.010549459552206902,0.011403058001475955,0.0006063299395487767,0.005972963080793934,0.0005768526397799758,0.0006305197224568431,0.08769848484848486,0.10746666666666667,0.0857,0.09016969696969697,0.02888273594014705,0.0927554029554179,0.027817913556173697,0.029741542488053215,0.022964737910308352,0.03637440306901277,0.021917294315123955,0.023830245846712367,44,396,43567,505,3953055
physics_only_abs_margin,impedance_0.95,0.2,0.0014007309719709649,0.0047777777777777775,0.0012457887644289909,0.0015374500241069357,7.475464020724394e-05,0.0009137648212466222,7.091381793987726e-05,7.954587742577803e-05,0.1711247474747475,0.21036666666666667,0.1685651515151515,0.1741848484848485,0.005049348423199386,0.030250251841357587,0.00457789953307678,0.005467172825992292,0.002346300470571247,0.006410156886089389,0.0020531017670465434,0.002605351811170179,44,396,5526,64,3953055
physics_only_abs_margin,impedance_1.05,0.05,0.0002726052777179399,0.002522222222222222,0.00026801578637045755,0.0002779303264219841,0.007680449583956719,0.028161776117991533,0.00738538819574533,0.008088114785799055,0.044182575757575754,0.0555,0.042810606060606056,0.04518030303030303,0.0013491347987203675,0.012854462736401822,0.0013258763088058964,0.0013730495542751213,0.0003539888080962617,0.003384663850159833,0.0003479771612186076,0.0003611583143326803,44,396,1071,11171,3953055
physics_only_abs_margin,impedance_1.05,0.1,0.00013818807598109118,0.0015,0.0001340396343236553,0.00014263102530504243,0.0036630419816260948,0.0214463709490155,0.0035458704403682735,0.0037624447607952395,0.08529595959595959,0.1109,0.08337424242424242,0.08765984848484848,0.0006557395098744609,0.0059502659932522,0.0006302303476008568,0.000686768931784156,0.000179964115973526,0.0020125430091070444,0.00017466675443119243,0.00018544972002457197,44,396,544,4331,3953055
physics_only_abs_margin,impedance_1.05,0.2,3.113219365917475e-05,0.00035555555555555557,2.7596840123821213e-05,3.3657446184427275e-05,0.0012136195712401767,0.009987923792597133,0.00114981798700926,0.0012731231039774355,0.1659686868686869,0.21864444444444445,0.16347651515151515,0.16891969696969697,0.0001541726689035033,0.0019158460595503778,0.00013961971217346742,0.0001645359479993765,4.0508356236144694e-05,0.0004889390425035666,3.5803530454943936e-05,4.387124836320076e-05,44,396,122,1158,3953055
physics_only_abs_margin,impedance_1.1,0.05,0.00011232850695197526,0.0011111111111111111,0.00011056083018429849,0.00011434870897217728,0.0505626022662498,0.08002880938731056,0.04996220368840391,0.05138184308455549,0.04348055555555556,0.05929999999999999,0.042184848484848485,0.04443409090909091,0.0005699769199988252,0.004669327809572956,0.0005616926468904424,0.000579135848345725,0.00014615949865804672,0.0014887739458320443,0.00014383639912839244,0.00014885574527772577,44,396,442,89939,3953055
physics_only_abs_margin,impedance_1.1,0.1,5.4980344197630554e-05,0.0005888888888888888,5.266494971490076e-05,5.7274405075359094e-05,0.027021348793013534,0.052754412252684874,0.025865355329072803,0.027963258551640092,0.08386616161616162,0.11448888888888889,0.08194545454545454,0.0862340909090909,0.0002752095609436838,0.002783922440392545,0.000260720334456222,0.0002879081987893379,7.160879765684191e-05,0.0007554155651957889,6.870294742438257e-05,7.453446933582273e-05,44,396,216,45485,3953055
physics_only_abs_margin,impedance_1.1,0.2,1.2692317829303537e-05,0.0002111111111111111,1.1429691566677273e-05,1.4459994596980302e-05,0.003147655885811402,0.015618649073382599,0.0029670556313165205,0.0033356322426976925,0.16314823232323236,0.2213,0.16073939393939396,0.1660340909090909,5.676771522327929e-05,0.0007914481107824777,5.15981216938947e-05,6.399606567129696e-05,1.6777277589727526e-05,0.00028920517698435556,1.509800537064697e-05,1.913081306320909e-05,44,396,50,3946,3953055
physics_only_abs_margin,impedance_1.2,0.05,3.243332432830101e-05,0.00039999999999999996,3.1884237021222726e-05,3.2707867981840154e-05,0.14143102626082146,0.212350648398565,0.14077323208940318,0.14237218447274527,0.04171414141414142,0.059111111111111114,0.040391666666666666,0.042643939393939394,0.00017174366681191466,0.001828965146579078,0.0001644537951235477,0.00017553223693827274,4.284777999865732e-05,0.0005491234388688,4.224031006234469e-05,4.315151496681363e-05,44,396,128,257431,3953055
physics_only_abs_margin,impedance_1.2,0.1,1.6985247122232827e-05,0.00022222222222222223,1.597514611213182e-05,1.749029762728333e-05,0.11488914641864668,0.1806672726694098,0.1133957894409378,0.11607986685777805,0.08047121212121212,0.11422222222222222,0.07866287878787878,0.08271515151515152,8.556896373364824e-05,0.0010116623574744112,8.144894243942274e-05,8.767817967630606e-05,2.2568947757426265e-05,0.0002981812684793667,2.111904474109394e-05,2.3293899265592423e-05,44,396,67,206010,3953055
physics_only_abs_margin,impedance_1.2,0.2,3.0303030303030305e-06,6.666666666666667e-05,3.0303030303030305e-06,3.0303030303030305e-06,0.0673847833129372,0.11990804278640871,0.06582216597174703,0.06871386011120148,0.15626767676767675,0.22397777777777778,0.15396666666666667,0.15903560606060604,1.4538682524673738e-05,0.0003388582021546778,1.4510376597182577e-05,1.4565041995099242e-05,3.944089430385606e-06,8.844078889183333e-05,3.944089430385606e-06,3.944089430385606e-06,44,396,12,115694,3953055
physics_only_abs_margin,stale,0.05,0.16782230174187182,0.6077368321979154,0.1674957753353676,0.16834297221678074,0.03447852380811597,0.20343059333848315,0.034369159444190514,0.03459583172468844,0.0542111111111111,0.05421111111111111,0.052533333333333335,0.055433333333333334,0.2588316218603089,0.8875838566446315,0.25853518246501844,0.25930677221189385,0.2557725211848497,0.6727283722461767,0.25518186569372736,0.25671743397244545,44,396,660355,61701,3953055
physics_only_abs_margin,stale,0.1,0.15439253615446524,0.5769938130186919,0.15368255842336048,0.15506910896463805,0.026936671603660076,0.18110144711868995,0.0263995231564838,0.027371291851663235,0.10387777777777779,0.10387777777777779,0.1013,0.10696666666666667,0.24593675345958588,0.8794114987960472,0.24522250569857415,0.2466159251626434,0.23191619075187175,0.6387022510124799,0.2306584797032546,0.2331161318232278,44,396,607387,46197,3953055
physics_only_abs_margin,stale,0.2,0.12823639002828605,0.5126789390223636,0.1272631250685794,0.12908853018420924,0.015321109245752378,0.13880232562499117,0.014932057423949752,0.01566950816312096,0.2044555555555555,0.20445555555555556,0.2013,0.2081333333333333,0.22014364306057474,0.8603591091765862,0.21914889697931045,0.22101850340053564,0.1874224723495553,0.5675040511218805,0.18582163640137897,0.18882370809489019,44,396,504255,23284,3953055
physics_residual_margin,branch_noise_10pct,0.05,0.0004145260498000219,0.002644444444444444,0.00036149574676971896,0.000495586655860628,0.0019695041222532335,0.01092776432815199,0.001840219366600087,0.002227044130185521,0.0426760101010101,0.05395555555555556,0.03906818181818182,0.044848484848484846,0.001401757355514496,0.011090614758147477,0.0012439513106573016,0.0015751349146235372,0.000746494993692975,0.0043314999938517664,0.0006400869140456236,0.0009541485386031393,44,396,1641,2638,3953055
physics_residual_margin,branch_noise_10pct,0.1,0.00010385393399091969,0.0012222222222222222,9.097514611213181e-05,0.00011976302490001061,0.00043562766121107576,0.004019248216170711,0.00036938863638255685,0.0004884904256044788,0.08401414141414142,0.1089,0.08283333333333333,0.08629015151515151,0.00040673582927813865,0.004806932849090356,0.0003540525813538197,0.0004828292929034015,0.0001590135546635712,0.001638577398226989,0.00014149568803711212,0.00017451436437249622,44,396,411,398,3953055
physics_residual_margin,branch_noise_10pct,0.2,1.4646464646464647e-05,0.00023333333333333333,1.287878787878788e-05,1.7424242424242425e-05,2.489112344946061e-05,0.0005238390299632222,1.8623876767533332e-05,2.862855672607727e-05,0.1655325757575758,0.2176111111111111,0.16391363636363637,0.16817424242424245,5.8858949175520196e-05,0.0009626980832452779,5.131940553650227e-05,7.014801928073258e-05,1.9850500378216412e-05,0.00030792592768644444,1.8144263761838635e-05,2.321367339667803e-05,44,396,58,24,3953055
physics_residual_margin,current,0.05,0.0001842883899040207,0.0018666666666666666,0.00016610725651821514,0.0002122533225272947,0.0008617311187300319,0.008969883344628967,0.0008333283158701577,0.0008775422881816788,0.042797727272727265,0.05372222222222222,0.03918939393939394,0.044903030303030306,0.0006497938825936357,0.007326766782456255,0.0005870748900967772,0.0006911800939465099,0.0003253324427808538,0.0025030393367135,0.0002762016188621864,0.0004069486048457705,44,396,729,714,3953055
physics_residual_margin,current,0.1,6.473453825051944e-05,0.0009,5.6192716466688644e-05,7.430847944546515e-05,0.00024759189669643485,0.0027355616315406332,0.00021880511935256665,0.0002854405356925189,0.08398358585858585,0.1071,0.0828128787878788,0.08620681818181819,0.0002558817954090447,0.0035406677980677113,0.00022480992718403104,0.00030117094421634543,9.432942657615681e-05,0.0012063296160019445,8.348948062257879e-05,0.00010190925553042576,44,396,256,205,3953055
physics_residual_margin,current,0.2,8.08080808080808e-06,0.00014444444444444444,6.818181818181818e-06,9.848484848484848e-06,1.0962189750018181e-05,0.00019015936420803333,5.905034286256818e-06,1.8152692650014393e-05,0.16600656565656566,0.2162222222222222,0.1642878787878788,0.1687219696969697,3.237415584376565e-05,0.0005396890132978445,2.739957501298788e-05,3.9063415845431815e-05,1.0794805390374747e-05,0.00019719649239715553,9.103665544206818e-06,1.3197892494822727e-05,44,396,32,11,3953055
physics_residual_margin,impedance_0.8,0.05,0.08880760386298513,0.12115555555555556,0.08811075338724214,0.09014493463835796,3.195878845397601e-05,0.00045153396019606665,2.5193969490827273e-05,4.447151057463712e-05,0.04500227272727273,0.0556,0.04110681818181818,0.04736590909090909,0.1689842656108286,0.30347639187302305,0.1679477255367124,0.1708748005557365,0.20578263046888992,0.27876185714937685,0.2040883099934738,0.2091219531704685,44,396,351386,29,3953055
physics_residual_margin,impedance_0.8,0.1,0.07332122775274949,0.10143333333333333,0.07236946623914592,0.07397329252433558,2.987895130597222e-06,8.363651570275556e-05,2.8512448535030303e-06,3.261195684785606e-06,0.08876666666666667,0.10771111111111112,0.08756818181818181,0.09104545454545455,0.14459505390411584,0.262734768947459,0.14309017969576918,0.14576618943488837,0.1690085804658545,0.223297598284227,0.16674423877432093,0.17039181341326085,44,396,290113,3,3953055
physics_residual_margin,impedance_0.8,0.2,0.044534974588057004,0.0651888888888889,0.04364519884582214,0.04518743994071029,0.0,0.0,0.0,0.0,0.17540025252525251,0.2099,0.17353257575757577,0.17816666666666667,0.09520230272528213,0.18124667816971696,0.09360658478409856,0.09652209598721956,0.10055651142317985,0.1384136715934225,0.09847786849803761,0.10194266312775231,44,396,176210,0,3953055
physics_residual_margin,impedance_0.9,0.05,0.035545804634376,0.049944444444444444,0.034909255165319654,0.0366717585890792,0.0001221270055975616,0.0016875517835833666,0.00010776611766276894,0.0001323857835308894,0.043885858585858584,0.05316666666666667,0.04014772727272727,0.04610227272727273,0.07552131652278607,0.132408183593685,0.07443743312204457,0.07733503558243116,0.08296468863422968,0.1137251615274329,0.0813904531374581,0.08590278027363074,44,396,140659,115,3953055
physics_residual_margin,impedance_0.9,0.1,0.02242718900372749,0.03412222222222222,0.02174061947702453,0.022887087482678044,2.4799091387593433e-05,0.0004390537486880555,1.962967246948409e-05,3.016202651555606e-05,0.08640934343434342,0.10423333333333334,0.0852659090909091,0.08865984848484848,0.05052956399028652,0.09596643498312565,0.04927425389553942,0.05159543990639302,0.05078334263703729,0.0747019200825249,0.049112735537756975,0.05174005288508716,44,396,88743,24,3953055
physics_residual_margin,impedance_0.9,0.2,0.005579214557721604,0.010522222222222223,0.005178518322807396,0.0058823068389520445,0.0,0.0,0.0,0.0,0.17116035353535353,0.20785555555555557,0.1694098484848485,0.17389469696969698,0.014221709952388202,0.03241201249882311,0.013310857848284062,0.0151327264579419,0.011580608196665093,0.020890435884604635,0.010688836314095645,0.012144784865711238,44,396,22074,0,3953055
physics_residual_margin,impedance_0.95,0.05,0.011414636873677551,0.018655555555555554,0.010920073019494277,0.01235102623456802,0.00028538256846424094,0.0028398384441358664,0.00026847466330190455,0.00030318848838242724,0.04339873737373737,0.05347777777777778,0.03969621212121212,0.04557651515151515,0.026421809520217023,0.05064969828694301,0.02549861087125604,0.027984102631039745,0.025892313152876878,0.040255966793960846,0.024621933601860668,0.028382601675960212,44,396,45167,248,3953055
physics_residual_margin,impedance_0.95,0.1,0.00334291555438192,0.007455555555555556,0.002997666577514736,0.0035526656823911826,7.105279468549773e-05,0.0009150344732438891,6.438922905969848e-05,7.802753993611516e-05,0.08539040404040404,0.1063888888888889,0.0842439393939394,0.0876439393939394,0.008806002295416433,0.025012670901564046,0.008078123523775496,0.009456047700603069,0.0068063495558919294,0.013441382723507679,0.006016916842405534,0.0072401677047008815,44,396,13225,68,3953055
physics_residual_margin,impedance_0.95,0.2,4.7057085777739146e-05,0.0006222222222222223,4.0217570354556056e-05,5.3917934805923484e-05,0.0,0.0,0.0,0.0,0.16856010101010102,0.21008888888888888,0.16677499999999998,0.17130833333333334,0.00019482678817627703,0.0024439197577269447,0.00016659885096446516,0.00022919487098155682,6.386475817965202e-05,0.0008342240575182445,5.348995944821591e-05,7.132784688690909e-05,44,396,186,0,3953055
physics_residual_margin,impedance_1.05,0.05,5.897049424446641e-05,0.0006444444444444444,5.013211040608258e-05,6.907150434547652e-05,0.027077630991642888,0.06828170736035342,0.025527635232972103,0.029584164276981347,0.04193181818181819,0.0552,0.03835530303030303,0.04398409090909091,0.00023816158985776541,0.002635798983366989,0.00020244092137414622,0.000263221077758525,9.284615512604218e-05,0.0008633483302089445,7.960691565277651e-05,0.00011812753290254546,44,396,233,43319,3953055
physics_residual_margin,impedance_1.05,0.1,2.228827742526313e-05,0.0003111111111111111,2.127817641516212e-05,2.4308479445465153e-05,0.009333636776664987,0.036405026815909444,0.008579733792429645,0.010031365285997679,0.08269722222222221,0.11047777777777777,0.08154166666666667,0.08491666666666667,9.457233972873383e-05,0.0011665036482463222,8.741177724249546e-05,0.00010483203226075,3.0489796640317423e-05,0.00042658386058467776,2.8300099702840907e-05,3.2263875277013634e-05,44,396,88,12834,3953055
physics_residual_margin,impedance_1.05,0.2,2.2727272727272728e-06,4.4444444444444447e-05,1.5151515151515152e-06,3.787878787878788e-06,0.0001469013566808477,0.001232327037613311,0.00011842066831886971,0.00017566083583087956,0.16323964646464645,0.2182222222222222,0.16165227272727273,0.16579924242424243,9.70081149609091e-06,0.00020519147201334445,6.576269748777273e-06,1.594864465566591e-05,2.9751288644749998e-06,5.672552216591111e-05,1.971797833459091e-06,4.9817909265068186e-06,44,396,9,127,3953055
physics_residual_margin,impedance_1.1,0.05,2.4308479445465153e-05,0.0003111111111111111,2.203575217273788e-05,2.7338782475768182e-05,0.0749134337221736,0.14457220209751026,0.0730306682988317,0.07775763267825948,0.04144217171717171,0.057577777777777776,0.03794848484848485,0.04351060606060606,0.00011004171024738509,0.0013506449638946557,0.00010103822264032576,0.00011854224805743636,3.444049292955253e-05,0.00041725122979380003,3.079048680861212e-05,4.118211647211363e-05,44,396,96,128937,3953055
physics_residual_margin,impedance_1.1,0.1,1.2439792576778285e-05,0.00017777777777777779,1.1429691566677273e-05,1.3702418839404545e-05,0.050313455340543836,0.11265321895335743,0.04889599619551712,0.0515322984500978,0.08133888888888889,0.11322222222222224,0.08022727272727273,0.08355000000000001,5.888375860333814e-05,0.0007111019369746,5.39090981213e-05,6.424541596713409e-05,1.6833370239099242e-05,0.00024289601703252222,1.608703988131212e-05,1.8207780302334093e-05,44,396,49,82807,3953055
physics_residual_margin,impedance_1.1,0.2,7.575757575757576e-07,3.3333333333333335e-05,7.575757575757576e-07,7.575757575757576e-07,0.016450038585453387,0.04827578613823248,0.01553086651654875,0.017144389256108276,0.15996742424242424,0.22024444444444444,0.1583628787878788,0.16257954545454545,3.1622871860580807e-06,0.00013914063618655556,3.1539373754189393e-06,3.168447334068182e-06,1.0050089646795455e-06,4.42203944459e-05,1.0050089646795455e-06,1.0050089646795455e-06,44,396,3,24017,3953055
physics_residual_margin,impedance_1.2,0.05,9.112927491922728e-06,0.00012222222222222224,8.333333333333334e-06,9.848484848484848e-06,0.16600625857284546,0.27476142277710186,0.1641783120919579,0.16884603498710182,0.039336111111111106,0.05636666666666666,0.03591818181818182,0.04134318181818182,4.859248602906237e-05,0.0006064105693517556,4.3036117055745453e-05,5.37448290122303e-05,1.2088005128245959e-05,0.0001669827703404889,1.106508262231894e-05,1.3174719497862878e-05,44,396,36,296704,3953055
physics_residual_margin,impedance_1.2,0.1,3.2828282828282826e-06,6.666666666666667e-05,2.2727272727272728e-06,4.5454545454545455e-06,0.1404625798434749,0.23675828428211215,0.13889035895307233,0.1418704974508574,0.07742979797979797,0.1126888888888889,0.07637272727272727,0.07950151515151514,1.647224205235606e-05,0.0003311818024526445,1.1868351413498485e-05,2.2302017500509093e-05,4.345228103317172e-06,8.844078889183333e-05,2.9768067981393936e-06,6.0512151447848485e-06,44,396,13,247493,3953055
physics_residual_margin,impedance_1.2,0.2,5.05050505050505e-07,2.2222222222222223e-05,0.0,7.575757575757576e-07,0.0930725108971492,0.17697312898171466,0.0914936786967248,0.09421730891205637,0.15280757575757573,0.22375555555555554,0.15128257575757575,0.15528636363636364,2.3550979349325757e-06,0.00010362430913703332,0.0,3.5351178608287877e-06,6.700059764530304e-07,2.9480262963933335e-05,0.0,1.0050089646795455e-06,44,396,2,156793,3953055
physics_residual_margin,stale,0.05,0.16173686534971157,0.5989554087206425,0.1608880036643629,0.16303953029203447,0.034251141042891835,0.1827358361997364,0.0338454106718248,0.035033587603346183,0.05214444444444446,0.052144444444444445,0.047466666666666664,0.0551,0.2525064483346076,0.8835200101938325,0.2516863376048214,0.25381184750347463,0.24498928510272935,0.6630113463008106,0.24344038559982625,0.2474251529065924,44,396,636318,66400,3953055
physics_residual_margin,stale,0.1,0.1485961461981749,0.5682526549419176,0.14783174448304423,0.149033845110661,0.026311607430446856,0.15848395033833518,0.025834638659752374,0.026560892585423327,0.10231111111111107,0.1023111111111111,0.10093333333333333,0.10506666666666667,0.23960628866714268,0.8748362303768422,0.23881013422970873,0.24004328883717876,0.22170452044990865,0.6290242913881819,0.2203507595811112,0.22244363451691748,44,396,584494,50096,3953055
physics_residual_margin,stale,0.2,0.12208547015010317,0.5020940199378718,0.12111593870954097,0.12271310673925971,0.015149323708243461,0.12134883148207713,0.014804999807908907,0.015327228814494961,0.2044666666666667,0.20446666666666669,0.20216666666666666,0.20826666666666666,0.21322681044098155,0.8553750399927263,0.21220088989492786,0.21383901971595387,0.1770572805702106,0.5557881973001226,0.17542076022685854,0.17802662357324098,44,396,479971,26725,3953055
spread_norm,not_applicable,0.05,0.1618020363770105,0.5996784894773509,0.16113192665175474,0.16265120184378215,0.03292384739950224,0.17834726097508502,0.03226796337699833,0.033771398998797254,0.05283333333333335,0.05283333333333333,0.04986666666666666,0.05553333333333333,0.25203281300338726,0.8830965237690287,0.25168851848035845,0.25266218232277476,0.24451474241455873,0.6638121467053859,0.24358178563845687,0.24594088098493377,44,396,636571,64984,3953055
spread_norm,not_applicable,0.1,0.14950089082686419,0.5712169741598012,0.1480839336885775,0.15022922677588543,0.024679039506862736,0.1490065148475443,0.024042468634692005,0.02551535413927621,0.10175555555555552,0.10175555555555554,0.09896666666666666,0.1039,0.23984993944313251,0.874176309336203,0.23878085767308055,0.2405888028336815,0.2226588696305659,0.6323047643706325,0.22038039627833267,0.22399130570473078,44,396,588056,48921,3953055
spread_norm,not_applicable,0.2,0.1262767795922686,0.5094560798375964,0.12287299406369387,0.12886968510739527,0.013157713336282923,0.0911237159018159,0.012017119086150536,0.01386325179557317,0.20221111111111115,0.20221111111111112,0.1985,0.2091666666666667,0.21710493703503533,0.8529540576591175,0.21394002137676613,0.21998451576922043,0.18404197618791152,0.5639324563653102,0.17857273386559983,0.1886002186611832,44,396,496517,27306,3953055
